gamma_l_mhz,noise_level,scope,scope_mode,window_mhz,resolve_shift,order,s0_power,s0_power_err,rungs_used,min_snr_over_rungs,status,note
0,0.004,rtm3004,hires,3.25,true,3,2.8622,0.0163,5,3.308,DIAGNOSTIC,"the fitted power of S0 carried by the windowed cumulant of this order at this configuration, from a log-log fit over the S0 ladder; NaN means the estimator returned a non-finite or zero cumulant on some rung"
0,0.004,rtm3004,hires,3.25,true,5,2.9564,0.0273,5,2.929,DIAGNOSTIC,"the fitted power of S0 carried by the windowed cumulant of this order at this configuration, from a log-log fit over the S0 ladder; NaN means the estimator returned a non-finite or zero cumulant on some rung"
0,0.004,rtm3004,hires,3.25,true,7,2.9417,0.0104,5,3.195,DIAGNOSTIC,"the fitted power of S0 carried by the windowed cumulant of this order at this configuration, from a log-log fit over the S0 ladder; NaN means the estimator returned a non-finite or zero cumulant on some rung"
0,0.004,rtm3004,hires,4,true,3,2.7995,0.0807,5,4.464,DIAGNOSTIC,"the fitted power of S0 carried by the windowed cumulant of this order at this configuration, from a log-log fit over the S0 ladder; NaN means the estimator returned a non-finite or zero cumulant on some rung"
0,0.004,rtm3004,hires,4,true,5,2.8893,0.0703,5,4.343,DIAGNOSTIC,"the fitted power of S0 carried by the windowed cumulant of this order at this configuration, from a log-log fit over the S0 ladder; NaN means the estimator returned a non-finite or zero cumulant on some rung"
0,0.004,rtm3004,hires,4,true,7,2.9200,0.0619,5,4.296,DIAGNOSTIC,"the fitted power of S0 carried by the windowed cumulant of this order at this configuration, from a log-log fit over the S0 ladder; NaN means the estimator returned a non-finite or zero cumulant on some rung"
0,0.004,rtm3004,hires,6,true,3,3.2232,0.1537,5,1.641,DIAGNOSTIC,"the fitted power of S0 carried by the windowed cumulant of this order at this configuration, from a log-log fit over the S0 ladder; NaN means the estimator returned a non-finite or zero cumulant on some rung"
0,0.004,rtm3004,hires,6,true,5,3.1557,0.1333,5,2.346,DIAGNOSTIC,"the fitted power of S0 carried by the windowed cumulant of this order at this configuration, from a log-log fit over the S0 ladder; NaN means the estimator returned a non-finite or zero cumulant on some rung"
0,0.004,rtm3004,hires,6,true,7,3.1191,0.0527,5,3.188,DIAGNOSTIC,"the fitted power of S0 carried by the windowed cumulant of this order at this configuration, from a log-log fit over the S0 ladder; NaN means the estimator returned a non-finite or zero cumulant on some rung"
0,0.004,rtm3004,hires,8,true,3,3.4762,0.4016,5,0.550,DIAGNOSTIC,"the fitted power of S0 carried by the windowed cumulant of this order at this configuration, from a log-log fit over the S0 ladder; NaN means the estimator returned a non-finite or zero cumulant on some rung"
0,0.004,rtm3004,hires,8,true,5,3.1584,0.1684,5,1.840,DIAGNOSTIC,"the fitted power of S0 carried by the windowed cumulant of this order at this configuration, from a log-log fit over the S0 ladder; NaN means the estimator returned a non-finite or zero cumulant on some rung"
0,0.004,rtm3004,hires,8,true,7,2.9247,0.0499,5,4.094,DIAGNOSTIC,"the fitted power of S0 carried by the windowed cumulant of this order at this configuration, from a log-log fit over the S0 ladder; NaN means the estimator returned a non-finite or zero cumulant on some rung"
0,0.004,rtm3004,hires,12,true,3,3.1704,0.1849,5,0.718,DIAGNOSTIC,"the fitted power of S0 carried by the windowed cumulant of this order at this configuration, from a log-log fit over the S0 ladder; NaN means the estimator returned a non-finite or zero cumulant on some rung"
0,0.004,rtm3004,hires,12,true,5,3.1422,0.2149,5,1.171,DIAGNOSTIC,"the fitted power of S0 carried by the windowed cumulant of this order at this configuration, from a log-log fit over the S0 ladder; NaN means the estimator returned a non-finite or zero cumulant on some rung"
0,0.004,rtm3004,hires,12,true,7,1.6269,0.5922,5,0.272,DIAGNOSTIC,"the fitted power of S0 carried by the windowed cumulant of this order at this configuration, from a log-log fit over the S0 ladder; NaN means the estimator returned a non-finite or zero cumulant on some rung"
0,0.004,rtm3004,hires,16,true,3,2.2574,0.2704,5,1.522,DIAGNOSTIC,"the fitted power of S0 carried by the windowed cumulant of this order at this configuration, from a log-log fit over the S0 ladder; NaN means the estimator returned a non-finite or zero cumulant on some rung"
0,0.004,rtm3004,hires,16,true,5,2.9861,0.6814,5,0.446,DIAGNOSTIC,"the fitted power of S0 carried by the windowed cumulant of this order at this configuration, from a log-log fit over the S0 ladder; NaN means the estimator returned a non-finite or zero cumulant on some rung"
0,0.004,rtm3004,hires,16,true,7,1.8606,0.4619,5,0.651,DIAGNOSTIC,"the fitted power of S0 carried by the windowed cumulant of this order at this configuration, from a log-log fit over the S0 ladder; NaN means the estimator returned a non-finite or zero cumulant on some rung"
0.1,0.004,rtm3004,hires,3.25,true,3,2.7922,0.1928,5,4.316,DIAGNOSTIC,"the fitted power of S0 carried by the windowed cumulant of this order at this configuration, from a log-log fit over the S0 ladder; NaN means the estimator returned a non-finite or zero cumulant on some rung"
0.1,0.004,rtm3004,hires,3.25,true,5,2.8191,0.1912,5,4.367,DIAGNOSTIC,"the fitted power of S0 carried by the windowed cumulant of this order at this configuration, from a log-log fit over the S0 ladder; NaN means the estimator returned a non-finite or zero cumulant on some rung"
0.1,0.004,rtm3004,hires,3.25,true,7,2.8451,0.1923,5,4.316,DIAGNOSTIC,"the fitted power of S0 carried by the windowed cumulant of this order at this configuration, from a log-log fit over the S0 ladder; NaN means the estimator returned a non-finite or zero cumulant on some rung"
0.1,0.004,rtm3004,hires,4,true,3,3.0275,0.0565,5,2.663,DIAGNOSTIC,"the fitted power of S0 carried by the windowed cumulant of this order at this configuration, from a log-log fit over the S0 ladder; NaN means the estimator returned a non-finite or zero cumulant on some rung"
0.1,0.004,rtm3004,hires,4,true,5,2.9838,0.0378,5,3.213,DIAGNOSTIC,"the fitted power of S0 carried by the windowed cumulant of this order at this configuration, from a log-log fit over the S0 ladder; NaN means the estimator returned a non-finite or zero cumulant on some rung"
0.1,0.004,rtm3004,hires,4,true,7,2.9668,0.0252,5,3.618,DIAGNOSTIC,"the fitted power of S0 carried by the windowed cumulant of this order at this configuration, from a log-log fit over the S0 ladder; NaN means the estimator returned a non-finite or zero cumulant on some rung"
0.1,0.004,rtm3004,hires,6,true,3,3.0808,0.1093,5,2.090,DIAGNOSTIC,"the fitted power of S0 carried by the windowed cumulant of this order at this configuration, from a log-log fit over the S0 ladder; NaN means the estimator returned a non-finite or zero cumulant on some rung"
0.1,0.004,rtm3004,hires,6,true,5,3.0769,0.0836,5,2.732,DIAGNOSTIC,"the fitted power of S0 carried by the windowed cumulant of this order at this configuration, from a log-log fit over the S0 ladder; NaN means the estimator returned a non-finite or zero cumulant on some rung"
0.1,0.004,rtm3004,hires,6,true,7,3.0515,0.0260,5,3.509,DIAGNOSTIC,"the fitted power of S0 carried by the windowed cumulant of this order at this configuration, from a log-log fit over the S0 ladder; NaN means the estimator returned a non-finite or zero cumulant on some rung"
0.1,0.004,rtm3004,hires,8,true,3,3.1309,0.2147,5,1.148,DIAGNOSTIC,"the fitted power of S0 carried by the windowed cumulant of this order at this configuration, from a log-log fit over the S0 ladder; NaN means the estimator returned a non-finite or zero cumulant on some rung"
0.1,0.004,rtm3004,hires,8,true,5,2.8934,0.0557,5,3.219,DIAGNOSTIC,"the fitted power of S0 carried by the windowed cumulant of this order at this configuration, from a log-log fit over the S0 ladder; NaN means the estimator returned a non-finite or zero cumulant on some rung"
0.1,0.004,rtm3004,hires,8,true,7,3.1274,0.1051,5,2.614,DIAGNOSTIC,"the fitted power of S0 carried by the windowed cumulant of this order at this configuration, from a log-log fit over the S0 ladder; NaN means the estimator returned a non-finite or zero cumulant on some rung"
0.1,0.004,rtm3004,hires,12,true,3,3.2003,0.4246,5,0.344,DIAGNOSTIC,"the fitted power of S0 carried by the windowed cumulant of this order at this configuration, from a log-log fit over the S0 ladder; NaN means the estimator returned a non-finite or zero cumulant on some rung"
0.1,0.004,rtm3004,hires,12,true,5,3.1639,0.0690,5,1.475,DIAGNOSTIC,"the fitted power of S0 carried by the windowed cumulant of this order at this configuration, from a log-log fit over the S0 ladder; NaN means the estimator returned a non-finite or zero cumulant on some rung"
0.1,0.004,rtm3004,hires,12,true,7,2.0212,0.9555,5,0.184,DIAGNOSTIC,"the fitted power of S0 carried by the windowed cumulant of this order at this configuration, from a log-log fit over the S0 ladder; NaN means the estimator returned a non-finite or zero cumulant on some rung"
0.1,0.004,rtm3004,hires,16,true,3,2.7782,0.2782,5,0.755,DIAGNOSTIC,"the fitted power of S0 carried by the windowed cumulant of this order at this configuration, from a log-log fit over the S0 ladder; NaN means the estimator returned a non-finite or zero cumulant on some rung"
0.1,0.004,rtm3004,hires,16,true,5,3.8883,0.7558,5,0.078,DIAGNOSTIC,"the fitted power of S0 carried by the windowed cumulant of this order at this configuration, from a log-log fit over the S0 ladder; NaN means the estimator returned a non-finite or zero cumulant on some rung"
0.1,0.004,rtm3004,hires,16,true,7,1.9386,0.4887,5,0.845,DIAGNOSTIC,"the fitted power of S0 carried by the windowed cumulant of this order at this configuration, from a log-log fit over the S0 ladder; NaN means the estimator returned a non-finite or zero cumulant on some rung"
0.3,0.004,rtm3004,hires,3.25,true,3,3.0159,0.0391,5,2.155,DIAGNOSTIC,"the fitted power of S0 carried by the windowed cumulant of this order at this configuration, from a log-log fit over the S0 ladder; NaN means the estimator returned a non-finite or zero cumulant on some rung"
0.3,0.004,rtm3004,hires,3.25,true,5,2.9868,0.0345,5,2.483,DIAGNOSTIC,"the fitted power of S0 carried by the windowed cumulant of this order at this configuration, from a log-log fit over the S0 ladder; NaN means the estimator returned a non-finite or zero cumulant on some rung"
0.3,0.004,rtm3004,hires,3.25,true,7,3.0087,0.0283,5,2.435,DIAGNOSTIC,"the fitted power of S0 carried by the windowed cumulant of this order at this configuration, from a log-log fit over the S0 ladder; NaN means the estimator returned a non-finite or zero cumulant on some rung"
0.3,0.004,rtm3004,hires,4,true,3,2.8031,0.0833,5,3.915,DIAGNOSTIC,"the fitted power of S0 carried by the windowed cumulant of this order at this configuration, from a log-log fit over the S0 ladder; NaN means the estimator returned a non-finite or zero cumulant on some rung"
0.3,0.004,rtm3004,hires,4,true,5,2.7433,0.1255,5,4.942,DIAGNOSTIC,"the fitted power of S0 carried by the windowed cumulant of this order at this configuration, from a log-log fit over the S0 ladder; NaN means the estimator returned a non-finite or zero cumulant on some rung"
0.3,0.004,rtm3004,hires,4,true,7,2.7659,0.1375,5,5.081,DIAGNOSTIC,"the fitted power of S0 carried by the windowed cumulant of this order at this configuration, from a log-log fit over the S0 ladder; NaN means the estimator returned a non-finite or zero cumulant on some rung"
0.3,0.004,rtm3004,hires,6,true,3,3.0338,0.0628,5,2.238,DIAGNOSTIC,"the fitted power of S0 carried by the windowed cumulant of this order at this configuration, from a log-log fit over the S0 ladder; NaN means the estimator returned a non-finite or zero cumulant on some rung"
0.3,0.004,rtm3004,hires,6,true,5,3.1121,0.0516,5,2.547,DIAGNOSTIC,"the fitted power of S0 carried by the windowed cumulant of this order at this configuration, from a log-log fit over the S0 ladder; NaN means the estimator returned a non-finite or zero cumulant on some rung"
0.3,0.004,rtm3004,hires,6,true,7,3.0355,0.0536,5,3.612,DIAGNOSTIC,"the fitted power of S0 carried by the windowed cumulant of this order at this configuration, from a log-log fit over the S0 ladder; NaN means the estimator returned a non-finite or zero cumulant on some rung"
0.3,0.004,rtm3004,hires,8,true,3,2.9228,0.1224,5,2.255,DIAGNOSTIC,"the fitted power of S0 carried by the windowed cumulant of this order at this configuration, from a log-log fit over the S0 ladder; NaN means the estimator returned a non-finite or zero cumulant on some rung"
0.3,0.004,rtm3004,hires,8,true,5,3.0263,0.0466,5,2.641,DIAGNOSTIC,"the fitted power of S0 carried by the windowed cumulant of this order at this configuration, from a log-log fit over the S0 ladder; NaN means the estimator returned a non-finite or zero cumulant on some rung"
0.3,0.004,rtm3004,hires,8,true,7,3.0556,0.0380,5,3.306,DIAGNOSTIC,"the fitted power of S0 carried by the windowed cumulant of this order at this configuration, from a log-log fit over the S0 ladder; NaN means the estimator returned a non-finite or zero cumulant on some rung"
0.3,0.004,rtm3004,hires,12,true,3,2.8626,0.0700,5,0.874,DIAGNOSTIC,"the fitted power of S0 carried by the windowed cumulant of this order at this configuration, from a log-log fit over the S0 ladder; NaN means the estimator returned a non-finite or zero cumulant on some rung"
0.3,0.004,rtm3004,hires,12,true,5,2.9682,0.1916,5,2.332,DIAGNOSTIC,"the fitted power of S0 carried by the windowed cumulant of this order at this configuration, from a log-log fit over the S0 ladder; NaN means the estimator returned a non-finite or zero cumulant on some rung"
0.3,0.004,rtm3004,hires,12,true,7,2.5301,1.3857,5,0.066,DIAGNOSTIC,"the fitted power of S0 carried by the windowed cumulant of this order at this configuration, from a log-log fit over the S0 ladder; NaN means the estimator returned a non-finite or zero cumulant on some rung"
0.3,0.004,rtm3004,hires,16,true,3,2.9170,0.3113,5,0.607,DIAGNOSTIC,"the fitted power of S0 carried by the windowed cumulant of this order at this configuration, from a log-log fit over the S0 ladder; NaN means the estimator returned a non-finite or zero cumulant on some rung"
0.3,0.004,rtm3004,hires,16,true,5,3.7133,0.3698,5,0.171,DIAGNOSTIC,"the fitted power of S0 carried by the windowed cumulant of this order at this configuration, from a log-log fit over the S0 ladder; NaN means the estimator returned a non-finite or zero cumulant on some rung"
0.3,0.004,rtm3004,hires,16,true,7,3.3246,0.4465,5,0.089,DIAGNOSTIC,"the fitted power of S0 carried by the windowed cumulant of this order at this configuration, from a log-log fit over the S0 ladder; NaN means the estimator returned a non-finite or zero cumulant on some rung"
0.45,0.004,rtm3004,hires,3.25,true,3,2.9491,0.0336,5,2.201,DIAGNOSTIC,"the fitted power of S0 carried by the windowed cumulant of this order at this configuration, from a log-log fit over the S0 ladder; NaN means the estimator returned a non-finite or zero cumulant on some rung"
0.45,0.004,rtm3004,hires,3.25,true,5,2.9625,0.1009,5,2.108,DIAGNOSTIC,"the fitted power of S0 carried by the windowed cumulant of this order at this configuration, from a log-log fit over the S0 ladder; NaN means the estimator returned a non-finite or zero cumulant on some rung"
0.45,0.004,rtm3004,hires,3.25,true,7,2.8994,0.0743,5,2.514,DIAGNOSTIC,"the fitted power of S0 carried by the windowed cumulant of this order at this configuration, from a log-log fit over the S0 ladder; NaN means the estimator returned a non-finite or zero cumulant on some rung"
0.45,0.004,rtm3004,hires,4,true,3,2.9348,0.0311,5,2.899,DIAGNOSTIC,"the fitted power of S0 carried by the windowed cumulant of this order at this configuration, from a log-log fit over the S0 ladder; NaN means the estimator returned a non-finite or zero cumulant on some rung"
0.45,0.004,rtm3004,hires,4,true,5,2.9202,0.0542,5,3.313,DIAGNOSTIC,"the fitted power of S0 carried by the windowed cumulant of this order at this configuration, from a log-log fit over the S0 ladder; NaN means the estimator returned a non-finite or zero cumulant on some rung"
0.45,0.004,rtm3004,hires,4,true,7,2.9367,0.0251,5,3.222,DIAGNOSTIC,"the fitted power of S0 carried by the windowed cumulant of this order at this configuration, from a log-log fit over the S0 ladder; NaN means the estimator returned a non-finite or zero cumulant on some rung"
0.45,0.004,rtm3004,hires,6,true,3,2.9889,0.0390,5,2.584,DIAGNOSTIC,"the fitted power of S0 carried by the windowed cumulant of this order at this configuration, from a log-log fit over the S0 ladder; NaN means the estimator returned a non-finite or zero cumulant on some rung"
0.45,0.004,rtm3004,hires,6,true,5,2.9996,0.0387,5,3.103,DIAGNOSTIC,"the fitted power of S0 carried by the windowed cumulant of this order at this configuration, from a log-log fit over the S0 ladder; NaN means the estimator returned a non-finite or zero cumulant on some rung"
0.45,0.004,rtm3004,hires,6,true,7,3.0603,0.0258,5,3.013,DIAGNOSTIC,"the fitted power of S0 carried by the windowed cumulant of this order at this configuration, from a log-log fit over the S0 ladder; NaN means the estimator returned a non-finite or zero cumulant on some rung"
0.45,0.004,rtm3004,hires,8,true,3,4.7913,1.2818,5,0.026,DIAGNOSTIC,"the fitted power of S0 carried by the windowed cumulant of this order at this configuration, from a log-log fit over the S0 ladder; NaN means the estimator returned a non-finite or zero cumulant on some rung"
0.45,0.004,rtm3004,hires,8,true,5,3.1852,0.1360,5,1.617,DIAGNOSTIC,"the fitted power of S0 carried by the windowed cumulant of this order at this configuration, from a log-log fit over the S0 ladder; NaN means the estimator returned a non-finite or zero cumulant on some rung"
0.45,0.004,rtm3004,hires,8,true,7,3.3939,0.3258,5,1.230,DIAGNOSTIC,"the fitted power of S0 carried by the windowed cumulant of this order at this configuration, from a log-log fit over the S0 ladder; NaN means the estimator returned a non-finite or zero cumulant on some rung"
0.45,0.004,rtm3004,hires,12,true,3,2.8060,0.5386,5,0.824,DIAGNOSTIC,"the fitted power of S0 carried by the windowed cumulant of this order at this configuration, from a log-log fit over the S0 ladder; NaN means the estimator returned a non-finite or zero cumulant on some rung"
0.45,0.004,rtm3004,hires,12,true,5,3.0281,0.0094,5,1.619,DIAGNOSTIC,"the fitted power of S0 carried by the windowed cumulant of this order at this configuration, from a log-log fit over the S0 ladder; NaN means the estimator returned a non-finite or zero cumulant on some rung"
0.45,0.004,rtm3004,hires,12,true,7,2.0096,0.6559,5,0.616,DIAGNOSTIC,"the fitted power of S0 carried by the windowed cumulant of this order at this configuration, from a log-log fit over the S0 ladder; NaN means the estimator returned a non-finite or zero cumulant on some rung"
0.45,0.004,rtm3004,hires,16,true,3,5.3681,1.7659,5,0.001,DIAGNOSTIC,"the fitted power of S0 carried by the windowed cumulant of this order at this configuration, from a log-log fit over the S0 ladder; NaN means the estimator returned a non-finite or zero cumulant on some rung"
0.45,0.004,rtm3004,hires,16,true,5,4.0626,0.6744,5,0.073,DIAGNOSTIC,"the fitted power of S0 carried by the windowed cumulant of this order at this configuration, from a log-log fit over the S0 ladder; NaN means the estimator returned a non-finite or zero cumulant on some rung"
0.45,0.004,rtm3004,hires,16,true,7,2.3896,0.3026,5,0.194,DIAGNOSTIC,"the fitted power of S0 carried by the windowed cumulant of this order at this configuration, from a log-log fit over the S0 ladder; NaN means the estimator returned a non-finite or zero cumulant on some rung"
