file,session,peak,T,bracket,repeat_idx,delta_ms,delta_err_ms,rate_MHzms,width_ms,chi2_red,init_fallback,acf_score,h_m3,h_m2,h_m1,h_0,h_p1,h_p2,h_p3,fit_rms,resid_norm,n_fitted,t0_ms,top3_ok,top3_marginal,rank_m1,rank_p1,n_railed,verdict,top3_gated,reindex_action,reindex_j,excised_k,n_refits,delta_advised_ms,excluded_advised,excluded,excluded_reason,trimmed,trim_start_ms,trim_end_ms,trim_reason,outlier,outlier_reason,status
rulers_p/4121nm_T130C_Punknown_RFon_after_r1.csv,P,4121,130,after,1,147.29565635923757,0.72126250825126,0.04243166536260208,57.477754069498275,0.7308695792775662,False,0.43155754129566254,0.0302590421307767,0.13503445315774715,0.08492827229671113,0.1365056216969663,0.028198396769122253,0.003240826546182507,0.004363020029945439,0.0061862600492783235,0.852340519863922,2000,79.95410248660306,False,False,3,5,0,FAIL,False,phase_shift,-1,,4,147.1988093642487,False,False,,False,nan,nan,,0,,CALIB
rulers_p/4121nm_T130C_Punknown_RFon_after_r2.csv,P,4121,130,after,2,147.76497605115716,0.7918229242810048,0.04229689718784383,57.48758121747804,0.7931585484974768,False,0.4034922982944795,0.01105157837577893,0.0022497723154640617,0.022594534166537526,0.11692030777457295,0.07238831638453418,0.11457702394820858,0.023582817064941107,0.0059207916980893345,0.8879186883980379,2000,121.49500449468532,False,False,5,3,0,FAIL,False,none,0,,5,147.76497605115716,True,False,top_three_unrecoverable,False,nan,nan,,0,,CALIB
rulers_p/4121nm_T130C_Punknown_RFon_after_r3.csv,P,4121,130,after,3,148.67266897311166,0.872612915350356,0.04203866146460551,71.24856082842952,1.2045871558919976,False,0.4457756282245017,0.010904028188866141,1.0288079934236326e-30,0.022257773198242126,0.10782085196949884,0.07783401360782216,0.11993087057740329,0.04509401379300184,0.007174870989999061,1.0942392941932975,2000,209.73037719535301,False,False,5,3,1,FAIL,False,phase_shift,1,,4,146.45067603919654,False,False,,False,nan,nan,"refused, trim would reach into the guarded half",0,,CALIB
rulers_p/4121nm_T130C_Punknown_RFon_after_r4.csv,P,4121,130,after,4,147.20249826587232,0.8340057028020106,0.04245851852807182,56.734339875905846,0.7676767605569017,False,0.3728206764885463,0.011898595275221498,0.0017749183933328477,0.023721481942544007,0.11180021256809267,0.06650191785795778,0.11507504648641813,0.019848306525094447,0.005902436943044093,0.8735391805715187,2000,98.88474363601473,False,False,4,3,0,FAIL,False,none,0,,5,147.20249826587232,True,False,top_three_unrecoverable,False,nan,nan,,0,,CALIB
rulers_p/4121nm_T130C_Punknown_RFon_after_r5.csv,P,4121,130,after,5,146.8451860234346,0.802372676048221,0.042561831063379775,56.376263324667214,0.7442844605447823,False,0.4079264630558508,0.0033260426356266745,0.024212760001632968,0.12555817439278455,0.07963856049246294,0.11124056481614279,0.02169541708055954,0.002543476735803727,0.005805631481036895,0.8601271730282177,2000,220.29913192454416,True,False,1,2,0,PASS,False,none,0,,0,146.8451860234346,False,False,,False,nan,nan,,0,,CALIB
rulers_p/4121nm_T130C_Punknown_RFon_after_r6.csv,P,4121,130,after,6,147.13568532808426,0.8437305553129052,0.042477798544001764,55.128743532428736,0.7480892640962304,False,0.43231730995192375,4.818717743990518e-21,0.01940552895467489,0.11795330901517077,0.07969151103599748,0.10339647616738507,0.020196732658978877,0.0035626027138259773,0.005690424889719792,0.8623228679048545,2000,230.08057995087432,True,False,1,2,1,PASS,False,none,0,,0,147.13568532808426,False,False,,False,nan,nan,,0,,CALIB
rulers_p/4121nm_T130C_P225mWi_RFon_before_r1.csv,P,4121,130,before,1,146.20662632574025,0.43557236428262547,0.042747720517641564,57.149888127495075,0.7882325801570491,False,0.30399754971203496,0.003817607262675193,0.002365212634778345,0.02072443076953813,0.1012057065738115,0.046609750640884906,0.1095190585133315,0.025944968966311082,0.005432653543490771,0.8851558161111669,1999,537.2304495891836,False,False,5,3,0,FAIL,False,phase_shift,1,,4,146.23666138662696,False,False,,False,nan,nan,,0,,CALIB
rulers_p/4121nm_T130C_P225mWi_RFon_before_r2.csv,P,4121,130,before,2,146.09043834661992,0.4283435496577869,0.04278171843916988,55.97492392753457,0.8244535936796884,False,0.5136266288254125,0.0007630584897984813,0.023436138580273526,0.12211557517530447,0.11072588629239413,0.11468496639711506,0.021596313143327883,0.002666458981549684,0.006240423112425977,0.9052607131914799,1996,639.1272759469391,True,False,1,2,0,PASS,False,none,0,,0,146.09043834661992,False,False,,False,nan,nan,,0,,CALIB
rulers_p/4121nm_T130C_P225mWi_RFon_before_r3.csv,P,4121,130,before,3,146.36504550785557,0.4420204158005355,0.0427014522375464,55.87343342609616,0.7588613494250139,False,0.4828882459946966,0.0021872430747281084,0.02064809999795866,0.11451120067632652,0.0925140588560096,0.10398641256461812,0.02030699322723169,0.0029222393144700477,0.005547950043866899,0.8685078604166769,1999,630.041174564961,True,False,1,2,0,PASS,False,none,0,,0,146.36504550785557,False,False,,False,nan,nan,,0,,CALIB
rulers_p/4121nm_T130C_P225mWi_RFon_before_r4.csv,P,4121,130,before,4,146.89395232714207,0.46455928165533156,0.04254770125648779,56.65319293695964,0.7556725233827578,False,0.22713866114144296,0.0016256352757920444,0.020872351408244682,0.09220345497641903,0.03717300248352567,0.0920164838957805,0.02128504178489794,0.0032948123803573873,0.005154906580028713,0.866681152495435,1999,616.7354585665955,True,False,1,2,0,PASS,False,none,0,,0,146.89395232714207,False,False,,False,nan,nan,,0,,CALIB
rulers_p/4121nm_T130C_P225mWi_RFon_before_r5.csv,P,4121,130,before,5,146.70004316689824,0.42117885717587816,0.04260394111056585,54.58682959514178,0.8622995921099946,False,0.5271738531961527,0.0007689492492976806,0.020347605556274708,0.11798050469041826,0.12136151304388192,0.12185881099209656,0.022192979201253668,0.003047858952130724,0.006254181583167779,0.9258052852655173,1996,626.4253612686059,True,False,3,1,0,PASS,False,none,0,,0,146.70004316689824,False,False,,False,nan,nan,,0,,CALIB
rulers_p/4154nm_T130C_Punknown_RFon_after_r1.csv,P,4154,130,after,1,147.9135831726013,0.4045935314359897,0.042254401968660545,57.9127978430521,0.9636305769856811,False,0.5298463676503798,0.0058491944418424344,0.052690708336011326,0.30087369313839213,0.32820533198048607,0.2875362851779771,0.05500414052470741,0.007978407339432279,0.010385010269501012,0.9786960208286672,1999,611.7252848384001,True,False,2,3,0,PASS,False,none,0,,0,147.9135831726013,False,False,,False,nan,nan,,0,,CALIB
rulers_p/4154nm_T130C_Punknown_RFon_after_r2.csv,P,4154,130,after,2,148.3516336648627,0.38686386211775514,0.042129633800455556,56.25639338377786,0.7844729705668685,False,0.5858342786620518,0.05937608799151106,0.3128412842385391,0.3715096381338884,0.2915360613490608,0.056926043707760464,0.005745869958930951,0.009982668547952775,0.009739862486611704,0.8830423422165312,1999,615.531152872253,False,False,1,5,0,FAIL,False,phase_shift,-1,,4,148.27184120521517,False,False,,False,nan,nan,,0,,CALIB
rulers_p/4154nm_T130C_Punknown_RFon_after_r3.csv,P,4154,130,after,3,147.00715643698845,0.4377991619343508,0.0425149370376328,57.795881853350586,0.9360547702842937,False,0.530534057919168,0.008568650456940314,0.04913829815316999,0.23383574065659055,0.3111747103099008,0.28982053017573184,0.046409452524083725,0.0005528793509520045,0.010167792723756282,0.964590914374323,1999,570.3832907981445,True,False,3,2,0,PASS,False,none,0,,0,147.00715643698845,False,False,,False,nan,nan,,0,,CALIB
rulers_p/4154nm_T130C_Punknown_RFon_after_r4.csv,P,4154,130,after,4,147.98636713742013,0.40352182966456385,0.04223362003471746,54.98339676830485,0.8958356552891144,False,0.38199367023417913,0.05095665032281561,0.24923947867466306,0.1400498075247153,0.24627845866289658,0.05241625006453062,0.002875828525656365,0.019613093145931057,0.008719842825738051,0.943640796334065,1999,631.420157202534,False,False,3,4,0,FAIL,False,none,0,,5,147.98636713742013,True,False,top_three_unrecoverable,False,nan,nan,,0,,CALIB
rulers_p/4154nm_T130C_Punknown_RFon_after_r5.csv,P,4154,130,after,5,148.3207303070682,0.45146886398019326,0.042138411718042605,60.54970525078279,0.8904767025995194,False,0.27584694611205607,0.005606510414714851,0.061321368144309385,0.22945912175362962,0.10695506620287024,0.2204702289096138,0.05065270714614415,0.0043042555467720746,0.008712994250142943,0.940814099393409,1999,560.1563429489036,True,False,1,2,0,PASS,False,none,0,,0,148.3207303070682,False,False,,False,nan,nan,,0,,CALIB
rulers_p/4154nm_T130C_P225mWi_RFon_before_r1.csv,P,4154,130,before,1,148.1438350009873,0.4214049509680258,0.042188728271806565,56.47602331139197,0.7846719320964002,False,0.4103004476963617,0.01366253102312302,0.00784793770893186,0.0856522006548859,0.4078537514270306,0.2551630394959779,0.40572108980722077,0.07921594572406813,0.011117160377173326,0.8831556490810789,2000,-54.67951428428054,False,False,4,3,0,FAIL,False,phase_shift,1,,4,148.18151855321486,False,False,,False,nan,nan,,0,,CALIB
rulers_p/4154nm_T130C_P225mWi_RFon_before_r2.csv,P,4154,130,before,2,147.89223517603267,0.5428293747679708,0.042260501320848735,56.5353244835071,0.7428658556788272,False,0.4765148346159289,0.008372492720069484,0.002929916238226576,0.04838895295882126,0.2728225509113084,0.20276403748110303,0.27171822502911974,0.06024786092073805,0.009442239734705383,0.8593070816330762,2000,-49.45924562104504,False,False,5,3,0,FAIL,False,phase_shift,1,,4,147.9329757478944,False,False,,False,nan,nan,,0,,CALIB
rulers_p/4154nm_T130C_P225mWi_RFon_before_r3.csv,P,4154,130,before,3,147.87997067423458,0.5418352319622795,0.04226400621736767,57.46886792795102,0.7530097856765228,False,0.4204934266028452,0.00782680993878663,0.0031821816889585444,0.051346762706775434,0.2736834270688769,0.17958108931488947,0.28360589542685755,0.05706401505878672,0.009414355673201789,0.8651541636971203,2000,-45.69857080526152,False,False,5,3,0,FAIL,False,phase_shift,1,,4,147.89499400801395,False,False,,False,nan,nan,,0,,CALIB
rulers_p/4154nm_T130C_P225mWi_RFon_before_r4.csv,P,4154,130,before,4,147.83181538605928,0.5237214356696966,0.0422777734527461,57.23909829493583,0.7679335025047461,False,0.49677734937370754,0.009525919865189492,0.004403860707821431,0.058672715708216645,0.3059400764193471,0.24619041684144685,0.2914496732007103,0.05391162100916588,0.00982078878384836,0.8736852416572674,2000,-51.36269783155653,False,False,4,3,0,FAIL,False,phase_shift,1,,4,147.9099419734083,False,False,,False,nan,nan,,0,,CALIB
rulers_p/4154nm_T130C_P225mWi_RFon_before_r5.csv,P,4154,130,before,5,147.99105384882432,0.49460004667120716,0.04223228254313598,57.076372970851644,0.7426226163622714,False,0.525418499714024,0.006109686509840169,0.0021463445305244682,0.057803143672448785,0.310809470135985,0.289646041456599,0.35070309094501056,0.07336320366178252,0.010521189845915496,0.8591663870660314,2000,-54.85794997776853,False,False,5,3,0,FAIL,False,phase_shift,1,,4,148.05287936918697,False,False,,False,nan,nan,,0,,CALIB
rulers_p/4154nm_T130C_P225mWi_RFon_before_r6.csv,P,4154,130,before,6,148.1278667454116,0.5319904571120216,0.04219327623708993,55.909933546556125,0.7611064400935051,False,0.49684049678689546,0.006706647401982603,0.002519259262925322,0.04619675646878951,0.28784294520735954,0.23078361413316545,0.2848068143397922,0.059046642579042324,0.009665359257781189,0.8697929647065122,2000,-49.71194012107548,False,False,5,3,0,FAIL,False,phase_shift,1,,4,148.14982584213718,False,False,,False,nan,nan,,0,,CALIB
rulers_p/4154nm_T130C_P225mWi_RFon_before_r7.csv,P,4154,130,before,7,147.6548606152313,0.5723628320127923,0.04232844062131255,56.28251951000675,0.7853317967190959,False,0.48150798369592374,0.006077198120390502,0.0037918267649885208,0.0460521318167034,0.25381781856196783,0.20141063931285197,0.26180306597575725,0.04753815300692293,0.009466749623567876,0.8835269129680099,2000,-46.59138257872241,False,False,5,3,0,FAIL,False,phase_shift,1,,4,147.73098454193916,False,False,,False,nan,nan,,0,,CALIB
rulers_p/4192nm_T130C_Punknown_RFon_after_r1.csv,P,4192,130,after,1,147.56587508911986,0.28129031650553976,0.042353965618578286,56.46259664991894,1.0132545211322475,False,0.5326198967855734,0.009960998313557819,0.11889724501387594,0.6772397881008171,0.704429535817983,0.6910520637128643,0.12615177322295154,0.01717760963643371,0.015844484170710337,1.0035810849181315,2000,115.02474307058812,True,False,3,2,0,PASS,False,none,0,,0,147.56587508911986,False,False,,False,nan,nan,,0,,CALIB
rulers_p/4192nm_T130C_Punknown_RFon_after_r2.csv,P,4192,130,after,2,146.8542162101962,0.29121104246532054,0.04255921390131704,55.294232017202404,1.0528470866560007,False,0.5266020269804541,1.0478426628391542e-17,0.11527171126468416,0.6925929367476954,0.7036689307075532,0.660342614050919,0.09978144153363513,0.0196234128583515,0.016041129966908145,1.0230004907799726,2000,111.11873879853762,True,False,2,3,1,PASS,False,none,0,,0,146.8542162101962,False,False,,False,nan,nan,,0,,CALIB
rulers_p/4192nm_T130C_Punknown_RFon_after_r3.csv,P,4192,130,after,3,148.01620451431953,0.3288673516167326,0.042225106504439225,57.285543808865754,0.9887719553515186,False,0.25124649349310235,6.430451043832726e-17,0.0834980804424051,0.47116557059108927,0.19753396209285012,0.49358439080641725,0.12063820833502038,0.02047874805653457,0.012407360237739324,0.991382531427405,2000,120.93066173168087,True,False,2,1,1,PASS,False,none,0,,0,148.01620451431953,False,False,,False,nan,nan,,0,,CALIB
rulers_p/4192nm_T130C_Punknown_RFon_after_r5.csv,P,4192,130,after,5,147.60052470062186,0.3376425111486573,0.042344022913718464,58.03472714244385,0.8480907954262528,False,0.42704829469161776,0.008913214295889666,0.009200128540932934,0.10640936584971784,0.45241377407283434,0.3021793428748772,0.5002468957503184,0.10006793413164888,0.012674862549418757,0.9181515401357748,2000,17.950549813839153,False,False,4,3,0,FAIL,False,phase_shift,1,,4,147.56769700699243,False,False,,False,nan,nan,,0,,CALIB
rulers_p/4192nm_T130C_Punknown_RFon_after_r6.csv,P,4192,130,after,6,147.8259036910422,0.32290900528477934,0.042279464180124814,57.552153836290934,0.8372791089285362,False,0.24037952744531776,0.007352351998986108,0.005518830329818023,0.1030578865551698,0.5165853514648345,0.18308803033748142,0.4853554526988032,0.11035173533764106,0.011935693332755522,0.9122803485085957,2000,36.87688762791272,False,False,5,3,0,FAIL,False,phase_shift,1,,4,147.69213614754182,False,False,,False,nan,nan,,0,,CALIB
rulers_p/4192nm_T130C_P225mWi_RFon_before_r1.csv,P,4192,130,before,1,146.92931435581434,0.23636755194604114,0.042537461141787955,57.59836672540488,0.8915391284826713,False,0.40088052877296576,0.008442356999706017,0.06212216774719068,0.3130534662768822,0.20225903243052112,0.29159027125223874,0.05431630424473105,0.0067213672664477855,0.010104568545938731,0.9413765950520414,2000,-308.55937133989136,True,False,1,2,0,PASS,False,none,0,,0,146.92931435581434,False,False,,False,nan,nan,,0,,CALIB
rulers_p/4192nm_T130C_P225mWi_RFon_before_r2.csv,P,4192,130,before,2,146.9028623218731,0.2138932990782744,0.042545120641052384,56.604329316401106,0.9381429954314157,False,0.27271545096735356,0.012595487091375177,0.07102194119452128,0.33528629950378463,0.16033650949733202,0.34991172473550225,0.06078872763988265,0.0016605933948372618,0.010405623154613573,0.9656677158623598,2000,-318.19684885690856,True,False,2,1,0,PASS,False,none,0,,0,146.9028623218731,False,False,,False,nan,nan,,0,,CALIB
rulers_p/4192nm_T130C_P225mWi_RFon_before_r3.csv,P,4192,130,before,3,147.03323933728248,0.22330016934641897,0.04250739511807259,56.64712562768972,0.9224875330346137,False,0.24152605738577917,0.010512767313340582,0.06845798918444464,0.30463194590892495,0.1270485375739764,0.3209880081986755,0.06389153130269101,6.007533195140131e-17,0.009926134580636825,0.9575749782598663,1999,183.20315688682606,True,False,2,1,1,PASS,False,none,0,,0,147.03323933728248,False,False,,False,nan,nan,,0,,CALIB
rulers_p/4192nm_T130C_P225mWi_RFon_before_r4.csv,P,4192,130,before,4,147.43047175788985,0.23118440560206763,0.04239286441587017,58.38118029449504,0.8854519737047908,False,0.3643405363074567,0.0012978526629205212,0.05787580588295632,0.30670315017188293,0.18944419539611632,0.33231776161871385,0.06447344270124654,0.015448968082475627,0.009948766791750278,0.9381573758504285,2000,-123.51336709449708,True,False,2,1,0,PASS,False,none,0,,0,147.43047175788985,False,False,,False,nan,nan,,0,,CALIB
rulers_p/4192nm_T130C_P225mWi_RFon_before_r5.csv,P,4192,130,before,5,146.6128919710227,0.20932494660292367,0.04262926619874111,57.10801891204838,1.084062105603133,False,0.5218873599030092,0.01040051222857244,0.07121681624318475,0.44875104610177796,0.44650610604282054,0.38755270338780495,0.07318966842360874,0.005034782700524596,0.013049437863944944,1.0380547832217306,2000,-378.86507431051297,True,False,1,3,0,PASS,False,none,0,,0,146.6128919710227,False,False,,False,nan,nan,,0,,CALIB
rulers_p/4192nm_T130C_P225mWi_RFon_before_r6.csv,P,4192,130,before,6,146.9158448005581,0.20147325131827454,0.04254136106615682,56.05224480057894,0.9278394964049687,False,0.5329141225275608,0.005261499477950541,0.070236003419191,0.4097606638628974,0.43830573305395837,0.3912202156729859,0.07022942667128643,0.010045843544931486,0.01176999637243454,0.9603501754186016,2000,-323.0529126792373,True,False,2,3,0,PASS,False,none,0,,0,146.9158448005581,False,False,,False,nan,nan,,0,,CALIB
rulers_p/4207nm_T130C_Punknown_RFon_after_r1.csv,P,4207,130,after,1,144.3655103440328,0.5737840411958489,0.04329288889781102,54.85199484311342,0.8013156486820707,False,0.536413648389667,0.0038066669712244106,0.0026357424830384317,0.03183770295437621,0.17297240884478948,0.15835872667766646,0.17924809240722414,0.032357971070716286,0.00724389713335561,0.892471483936858,1999,247.65141841290128,False,False,5,3,0,FAIL,False,phase_shift,1,,4,144.32837316560372,False,False,,False,nan,nan,,0,,CALIB
rulers_p/4207nm_T130C_Punknown_RFon_after_r2.csv,P,4207,130,after,2,144.65309570197812,0.6543610042353143,0.04320681814426272,56.87665059489898,0.8077097247167868,False,0.5195087741556802,0.003882896535930415,0.001885319817098291,0.027847034482136587,0.14839660916903466,0.12303229930700296,0.14110708716348352,0.028391878444528198,0.00689916972703218,0.8960251347072477,1999,248.40320204735144,False,False,5,3,0,FAIL,False,phase_shift,1,,4,144.59479896510123,False,False,,False,nan,nan,,0,,CALIB
rulers_p/4207nm_T130C_Punknown_RFon_after_r3.csv,P,4207,130,after,3,144.98025736227333,0.6137866940070932,0.04310931787341668,55.7094287719969,0.7601638483232946,False,0.48955314159932534,0.004743701318578055,0.002805592606109193,0.0317662121871235,0.15768912865196164,0.11278321234532268,0.1477578494464467,0.031608112058899226,0.006779874482298187,0.8692528881752385,1999,241.88186079786806,False,False,4,3,0,FAIL,False,phase_shift,1,,4,144.94562449329854,False,False,,False,nan,nan,,0,,CALIB
rulers_p/4207nm_T130C_Punknown_RFon_after_r4.csv,P,4207,130,after,4,144.79946274807395,0.6424708396846702,0.04316314357377085,55.44018070990631,0.8401221376657501,False,0.4403204715510108,0.0042114614135053555,2.9557264176414355e-17,0.027690147347033726,0.14350584946185235,0.09223591733843924,0.13843660847268927,0.028622427547124542,0.006812306055493885,0.9138265060789871,1999,258.8891424835097,False,False,5,3,1,FAIL,False,phase_shift,1,,4,144.61285616110735,False,False,,False,nan,nan,,0,,CALIB
rulers_p/4207nm_T130C_Punknown_RFon_after_r5.csv,P,4207,130,after,5,145.00501432680923,0.6508470308521402,0.043101957742743176,55.52997131237668,0.8085815076644456,False,0.3619578173465084,0.005029621432531326,0.000377248571682763,0.025940513392797605,0.13938358827075814,0.07339665913353118,0.13516246046007735,0.028405332794232945,0.006518176133665855,0.8965085563788318,1999,239.69845358441086,False,False,5,3,0,FAIL,False,phase_shift,1,,4,144.97497321277038,False,False,,False,nan,nan,,0,,CALIB
rulers_p/4207nm_T130C_P225mWi_RFon_before_r1.csv,P,4207,130,before,1,146.488081784361,0.4836511564064997,0.042665587014787766,56.94591526136694,0.8522210566547562,False,0.3956289502776758,0.005498747901971823,0.039050187319954396,0.18327670551812844,0.11731041426761576,0.1818551701574791,0.04015661203385945,0.004893272947616979,0.007663947027367005,0.9203831660632905,1999,374.0452976403822,True,False,1,2,0,PASS,False,none,0,,0,146.488081784361,False,False,,False,nan,nan,,0,,CALIB
rulers_p/4207nm_T130C_P225mWi_RFon_before_r2.csv,P,4207,130,before,2,147.07626698018896,0.5843925391369503,0.04249495944061369,60.500940680006714,0.7776272995652096,False,0.1883577868259067,0.000635088714408153,0.030912548071794825,0.14433600549129497,0.05086474236994424,0.13847078629803297,0.03372111140382618,0.004620723565345712,0.006845608474371877,0.8791809834834322,1999,435.6352508521634,True,False,1,2,0,PASS,False,none,0,,0,147.07626698018896,False,False,,False,nan,nan,,0,,CALIB
rulers_p/4207nm_T130C_P225mWi_RFon_before_r3.csv,P,4207,130,before,3,146.910293016618,0.5097755932544024,0.042542968716923195,58.590379111347396,0.7939212296667761,False,0.47863221072653084,0.005903214552743929,0.0424944837206327,0.18829536266887026,0.1498119301231902,0.16817100768955345,0.033359088024757066,0.00435514426851863,0.007804627262594166,0.8883441446498136,1999,375.5111861406891,True,False,1,2,0,PASS,False,none,0,,0,146.910293016618,False,False,,False,nan,nan,,0,,CALIB
rulers_p/4207nm_T130C_P225mWi_RFon_before_r4.csv,P,4207,130,before,4,146.79714930793105,0.49178318597860554,0.04257575865379785,55.89446471382143,0.8474076797082577,False,0.5195339850621362,0.0033220145981841713,0.034466723400152666,0.195787598348162,0.1945172703465309,0.19001996217704897,0.03661059240252152,0.002300396423999891,0.00817795876044057,0.9177803060292924,1999,391.4586776189451,True,False,1,3,0,PASS,False,none,0,,0,146.79714930793105,False,False,,False,nan,nan,,0,,CALIB
rulers_p/4207nm_T130C_P225mWi_RFon_before_r5.csv,P,4207,130,before,5,145.40261749881552,0.3744908129668522,0.04298409552394003,56.393121147315696,1.0531555250250706,False,0.49542175194089594,0.041868173292690984,9.837603230289555e-26,0.03260013766820719,0.18359799752380007,0.15761080455398646,0.20109234884589414,0.0432914106309435,0.008763763990444767,1.023148782351727,1999,368.6115204247312,False,False,6,3,1,FAIL,False,none,0,,5,145.40261749881552,True,False,top_three_unrecoverable,False,nan,nan,,0,,CALIB
rulers_t/4121nm_T110C_P225mWi_RFon_r1.csv,T,4121,110,,1,147.35983393751712,1.473208306726409,0.042413185689732104,55.410640453766355,0.9026489140466566,False,0.4180352021850296,0.0008857049479521667,0.005356545225109536,0.024545041343718002,0.01648855142074294,0.02233918578143754,0.004614175619592141,0.0006161049992637375,0.0029156099121775227,0.9472238492364815,2000,186.4757229272998,True,False,1,2,0,PASS,False,none,0,,0,147.35983393751712,False,False,,False,nan,nan,,0,,CALIB
rulers_t/4121nm_T110C_P225mWi_RFon_r2.csv,T,4121,110,,2,147.49250596695748,1.4845405743801525,0.042375034304455966,55.36763913300031,0.7959272234939977,False,0.3949978459062737,0.0010236673779786276,0.000362180324279666,0.0041682539980906165,0.02760103045473825,0.01630904356291685,0.023823696383002163,0.004321274528894814,0.002856663052080848,0.8894670652435838,2000,99.94682695526602,False,False,5,3,0,FAIL,False,phase_shift,1,,4,147.4448927061891,False,False,,False,nan,nan,,0,,CALIB
rulers_t/4121nm_T110C_P225mWi_RFon_r3.csv,T,4121,110,,3,147.26747520384603,1.4128995319206987,0.042439785100877286,54.602069984280526,0.8804028179307491,False,0.3920250469306513,0.0003812672970665219,0.004509760085926974,0.024729213003459677,0.016130133404080687,0.026071865616355293,0.005324132862535531,0.0009386558093909788,0.0029501049737896043,0.9354787015336932,2000,216.578226562015,True,False,2,1,0,PASS,False,none,0,,0,147.26747520384603,False,False,,False,nan,nan,,0,,CALIB
rulers_t/4121nm_T110C_P225mWi_RFon_r4.csv,T,4121,110,,4,145.98215191671267,1.4008817987167497,0.0428134530005135,54.456049051269325,0.838936554214239,False,0.37035049282774385,0.0016791739856227713,0.0006339511954673897,0.004511426900615356,0.026141045430284372,0.015196838969249867,0.026376000679997964,0.005169941806860495,0.0028635050793151874,0.9131828595023855,2000,102.33646386189409,False,False,5,3,0,FAIL,False,phase_shift,1,,4,145.93864970436215,False,False,,False,nan,nan,,1,spacing_outlier,CALIB
rulers_t/4121nm_T110C_P225mWi_RFon_r5.csv,T,4121,110,,5,147.2776431354939,1.5301145312943798,0.04243685509178108,54.88753149319197,0.8602564589729692,False,0.3840444438811508,7.474700945170922e-13,0.003812796763598029,0.02371211905407006,0.014580892767434695,0.023796984567350497,0.0043660491963543714,0.0013158298783272709,0.0028399065910730513,0.924713425997012,2000,245.11157674588554,True,False,2,1,1,PASS,False,none,0,,0,147.2776431354939,False,False,,False,nan,nan,,0,,CALIB
rulers_t/4121nm_T70C_P225mWi_RFon_r1.csv,T,4121,70,,1,145.99258901548512,6.342911214334227,0.042810392240780634,63.460256365285,0.7784780909751723,False,0.26601238729955107,0.0002667642067921404,0.0008512197649029569,0.0032729601161233797,0.0017961576469519213,0.00356623675553593,0.0009070456486144971,0.00017456808344784076,0.0016285505539134824,0.87966313008408,2000,20.171564904568694,True,False,2,1,0,PASS,False,none,0,,0,145.99258901548512,False,False,,False,nan,nan,,0,,CALIB
rulers_t/4121nm_T70C_P225mWi_RFon_r2.csv,T,4121,70,,2,147.34001521347832,4.942123539008862,0.04241889069269123,47.92757446713747,0.8028804480728596,False,0.4082494627162109,0.00021739229966012864,0.0006400013237230457,0.004340756632593588,0.0029112433743353795,0.0038850223997210194,0.0007432716629414787,0.0002485569323407873,0.0016695103875620032,0.8933438114099311,2000,37.55363061072388,True,False,1,2,0,PASS,False,none,0,,0,147.34001521347832,False,False,,False,nan,nan,,0,,CALIB
rulers_t/4121nm_T70C_P225mWi_RFon_r3.csv,T,4121,70,,3,144.92624929916786,4.464283442672426,0.04312538294631686,48.25528809307346,0.7690773525173703,False,0.47081809429215254,0.0005974792709355946,0.004566641019524296,0.0039690130863467765,0.0049472272741077905,0.000758837668462725,0.0003772813052378718,0.00031714654578315714,0.0016721107867904825,0.8743356840494766,2000,96.49083484299086,False,False,3,4,0,FAIL,False,phase_shift,-1,,4,145.0229896620519,False,False,,False,nan,nan,,0,,CALIB
rulers_t/4121nm_T70C_P225mWi_RFon_r4.csv,T,4121,70,,4,146.22741450281384,3.9949699443586333,0.042741643359082516,56.159482403886486,0.9824002647226996,False,0.45719568375590924,0.0012485300889748092,0.00019369978386780267,0.00078301572571156,0.004136619635765889,0.0036329707822471604,0.004015873776936588,0.0005512115966001913,0.0018572428119260323,0.9881831121479274,2000,30.26111771888622,False,False,5,3,0,FAIL,False,phase_shift,1,,4,146.76819351313074,False,False,,False,nan,nan,,0,,CALIB
rulers_t/4121nm_T70C_P225mWi_RFon_r5.csv,T,4121,70,,5,146.07917822874037,5.656046653229119,0.04278501615208527,51.9063179578685,0.8329652518052809,False,0.3155856309326588,0.0005005061064755163,4.731566459039599e-06,0.000658293564946559,0.00345097893040163,0.002069471544342828,0.0034626306241589615,0.0005995776642612825,0.0016705888421544854,0.9099271730718065,2000,1.921354464224441,True,True,4,3,0,MARGINAL,False,none,0,,0,146.07917822874037,False,False,,False,nan,nan,,0,,CALIB
rulers_t/4121nm_T90C_P225mWi_RFon_r1.csv,T,4121,90,,1,148.71881845911844,1.334165194588968,0.04202561629225203,55.550512859720314,0.8474901670716224,False,0.5155364941489426,0.0017301463487433052,0.004940615524292821,0.023592651564590113,0.023394705895073968,0.023765660088354547,0.004703600844886991,0.0006217861210756877,0.002803368581152425,0.9178249736887858,1999,14.826414457037833,True,False,2,1,0,PASS,False,none,0,,0,148.71881845911844,False,False,,False,nan,nan,,0,,CALIB
rulers_t/4121nm_T90C_P225mWi_RFon_r2.csv,T,4121,90,,2,148.84878085300116,1.3908397159883321,0.04198892301423902,54.490376820395774,0.8204099452101583,False,0.5240809269417945,0.00048763451375690364,0.004599079487398721,0.023175803994601125,0.024410146701552424,0.024254035627930545,0.0045933307679886,0.0005801736786904221,0.0028032871190923053,0.9030420937463719,1999,43.737189083295604,True,False,3,2,0,PASS,False,none,0,,0,148.84878085300116,False,False,,False,nan,nan,,0,,CALIB
rulers_t/4121nm_T90C_P225mWi_RFon_r3.csv,T,4121,90,,3,148.8155617123954,1.5127080330234808,0.0419982959314356,55.11474147142559,0.8550123742857428,False,0.532938703657406,0.00046927031045722306,0.0037635349644642635,0.02101017570765378,0.023331453695711046,0.021084026817786972,0.004260523384259406,0.0005178533830094194,0.0026992466437993786,0.9218892198739203,1999,38.39581224879488,True,False,3,2,0,PASS,False,none,0,,0,148.8155617123954,False,False,,False,nan,nan,,0,,CALIB
rulers_t/4121nm_T90C_P225mWi_RFon_r4.csv,T,4121,90,,4,148.20408757986058,1.655734134482847,0.042171576385382444,54.30958970651905,0.7228018599735336,False,0.24159669104256173,0.000616537221639999,0.004188703612134833,0.016617123071440316,0.0067838682034806926,0.016184931462743062,0.0034780780465999157,0.0002031440779329621,0.0022598088461766113,0.8476218964393071,1999,5.600664098380155,True,False,1,2,0,PASS,False,none,0,,0,148.20408757986058,False,False,,False,nan,nan,,0,,CALIB
rulers_t/4121nm_T90C_P225mWi_RFon_r5.csv,T,4121,90,,5,148.35542615275048,1.54818832376733,0.04212855681843981,52.23865248234548,0.7941496172494766,False,0.32539757304486794,0.0006718495892687481,0.00014045253478165072,0.003783547393552115,0.017883014274967222,0.008511550313651901,0.01850665838231092,0.00424621972814789,0.002406693441668087,0.8884719105887973,1999,-33.2495146303837,False,False,5,3,0,FAIL,False,phase_shift,1,,4,148.32657523142385,False,False,,False,nan,nan,,0,,CALIB
rulers_t/4154nm_T110C_P225mWi_RFon_r1.csv,T,4154,110,,1,146.9303215101928,0.7244022708734782,0.04253716956282864,55.63430454248211,0.7849182718844818,False,0.46605326407363934,0.0019715194869107592,0.0007592710750351203,0.014728413730683225,0.08132353112170157,0.056694236433864835,0.07723343754611327,0.015184831699148723,0.004801934786136637,0.8832942670781776,2000,3.9240234929350453,False,False,5,3,0,FAIL,False,phase_shift,1,,4,146.92923082435047,False,False,,False,nan,nan,,0,,CALIB
rulers_t/4154nm_T110C_P225mWi_RFon_r2.csv,T,4154,110,,2,146.5121097656837,0.6293343601305372,0.04265858985987986,58.13076421862426,0.7857603425459974,False,0.42084718844183194,1.456213831681734e-16,0.001157175579031439,0.017707668642985883,0.09673205250313135,0.057915255944668745,0.09960245857692854,0.02396087314039081,0.004932472317137014,0.8837679449327869,2000,52.62239168802185,False,False,5,3,1,FAIL,False,phase_shift,1,,4,146.33499262553272,False,False,,False,nan,nan,,0,,CALIB
rulers_t/4154nm_T110C_P225mWi_RFon_r3.csv,T,4154,110,,3,146.48400303160443,0.7357141681949771,0.04266677501058966,58.29328698804498,0.8101000611226891,False,0.4003236628311913,4.5164017945632845e-21,0.0014923552160148936,0.015047103574114448,0.08344319234678198,0.0470316336842098,0.07738580725704883,0.0162656145770827,0.004856946280041387,0.8973513585858958,2000,44.17526049909904,False,False,5,3,1,FAIL,False,phase_shift,1,,4,146.37957593214654,False,False,,False,nan,nan,,0,,CALIB
rulers_t/4154nm_T110C_P225mWi_RFon_r4.csv,T,4154,110,,4,146.6536674673413,0.7379394234115709,0.04261741358354935,56.317155734022904,0.7987952387979099,False,0.32867598127039116,0.0012431305911301746,0.01571587647290987,0.07296620457633962,0.0396859748965562,0.07459509208097664,0.01568462195493178,0.0021553273990652464,0.004660767661706959,0.8910681608974268,2000,48.33424007258861,True,False,2,1,0,PASS,False,none,0,,0,146.6536674673413,False,False,,False,nan,nan,,0,,CALIB
rulers_t/4154nm_T110C_P225mWi_RFon_r5.csv,T,4154,110,,5,147.4491265287531,0.5040818748180139,0.04238750101229815,56.2105895760957,0.905526293050771,False,0.2608812231146567,0.019160003664943834,0.0001984180161551385,0.017898252195810437,0.0943027871564151,0.040636699442685165,0.08859185175921608,0.018362273515480136,0.005142842429600634,0.9487323833897873,2000,11.557440261723352,False,False,6,3,0,FAIL,False,none,0,,5,147.4491265287531,True,False,top_three_unrecoverable,False,nan,nan,,0,,CALIB
rulers_t/4154nm_T70C_P225mWi_RFon_r1.csv,T,4154,70,,1,146.1216887753446,4.145012885134535,0.04277256889365061,48.63194111016814,0.894209534565329,False,0.5274386468217893,0.00017309613360239488,0.0011110784133617517,0.004147548079341571,0.005918622266877262,0.0043226730431322235,0.0005942074482540129,0.0004476603825553519,0.0018650965980610416,0.9427839590210199,1999,0.04138978454368079,True,False,3,2,0,PASS,False,none,0,,0,146.1216887753446,False,False,,False,nan,nan,,0,,CALIB
rulers_t/4154nm_T70C_P225mWi_RFon_r2.csv,T,4154,70,,2,145.12834026731355,4.818424593781324,0.04306533092356774,46.15599430140561,0.7303057939862974,False,0.5722128206293691,8.363621615111996e-21,1.685173632936813e-05,0.0006538384459021187,0.003349911271234559,0.004757703725499576,0.0035091637464695095,0.0011013128542705912,0.001656939761090443,0.8520104267020392,1999,-5.236362438961678,False,False,5,1,1,FAIL,False,phase_shift,1,,4,145.20295916252942,False,False,,False,nan,nan,,0,,CALIB
rulers_t/4154nm_T70C_P225mWi_RFon_r3.csv,T,4154,70,,3,147.56644092540796,5.040438998402934,0.04235380321437214,59.01985777482063,0.7719765356475636,False,0.5144501860517487,0.00033088787179381084,0.00029516800850627295,0.0008350691340997127,0.00352323664382713,0.003922645305003037,0.0038673393027826714,0.0008296268681124369,0.0017216851771115768,0.8759807985027567,1999,11.11611711305019,False,False,4,1,0,FAIL,False,phase_shift,1,,4,148.93182654782967,False,False,,False,nan,nan,,0,,CALIB
rulers_t/4154nm_T70C_P225mWi_RFon_r4.csv,T,4154,70,,4,144.22584381265864,5.520661011265359,0.043334813198377974,53.05587707594745,0.8633564570001959,False,0.45676464464550154,4.3199517179423207e-05,0.0008469388721314289,0.0031829215905882324,0.003224824052664098,0.003617484328140662,0.00035937748734431825,1.5818515625101861e-15,0.001766137821347625,0.9263766657753968,1999,-18.187034768300514,True,False,3,1,1,PASS,False,none,0,,0,144.22584381265864,False,False,,False,nan,nan,,0,,CALIB
rulers_t/4154nm_T70C_P225mWi_RFon_r5.csv,T,4154,70,,5,147.84085261587796,5.0231807326761455,0.04227518909295546,55.806443626707534,0.8497024833939987,False,0.48319497537763695,0.00048216940750721093,0.00023925321814006323,0.001125811761255996,0.0031497497436169105,0.0023497986926438795,0.003203456829236552,0.0007755934464475844,0.001719241592592596,0.9190221532210163,1999,-8.22961568809714,True,True,4,3,0,MARGINAL,False,none,0,,0,147.84085261587796,False,False,,False,nan,nan,,0,,CALIB
rulers_t/4154nm_T90C_P225mWi_RFon_r1.csv,T,4154,90,,1,145.96401210685443,1.2628765174744567,0.04281877368117714,53.24079945446304,0.6554960884460402,False,0.46630599741220685,0.00042249954198335843,0.0014738411742125474,0.009066534572952178,0.04595254497796981,0.03169672535943398,0.04726224188979401,0.009562471518089158,0.003627617095375627,0.8071933748757869,1999,20.903541213745456,False,False,5,3,0,FAIL,False,phase_shift,1,,4,145.95114626202835,False,False,,False,nan,nan,,0,,CALIB
rulers_t/4154nm_T90C_P225mWi_RFon_r2.csv,T,4154,90,,2,144.29773948449207,1.018468524960844,0.043313221830974684,53.7442497402374,0.8133586051297379,False,0.4732789083126678,0.008273203214696559,1.3687949448544862e-27,0.007997455531879258,0.044105608544204075,0.03597942965716922,0.04990584852436576,0.009927514471548275,0.003974007277149977,0.8991529414968823,1999,19.95096760370702,False,False,6,3,1,FAIL,False,none,0,,5,144.29773948449207,True,False,top_three_unrecoverable,False,nan,nan,,1,spacing_outlier,CALIB
rulers_t/4154nm_T90C_P225mWi_RFon_r3.csv,T,4154,90,,3,146.43250856299102,1.2564294781857117,0.042681779212376404,55.18936052083737,0.6595884736997806,False,0.45640698360621723,1.565435897136578e-18,0.0006518869873496739,0.008775492101762282,0.04780783984237894,0.03271317279094779,0.0492291483060117,0.010958733751144263,0.003776111809583185,0.8097091842768508,1999,26.063305323211292,False,False,5,3,1,FAIL,False,phase_shift,1,,4,146.38630776423904,False,False,,False,nan,nan,,0,,CALIB
rulers_t/4154nm_T90C_P225mWi_RFon_r4.csv,T,4154,90,,4,146.28709402652916,1.049431069961159,0.04272420640789107,53.5076871134525,0.9609636580409165,False,0.43761241724393285,0.007317856187138875,1.0464903034113875e-36,0.005868966397094319,0.04704922015740714,0.03472420520254029,0.04987880035058955,0.01139888479190505,0.004399045527374062,0.9773407756558253,1999,21.87825338178673,False,False,6,3,1,FAIL,False,none,0,,5,146.28709402652916,True,False,top_three_unrecoverable,False,nan,nan,,0,,CALIB
rulers_t/4154nm_T90C_P225mWi_RFon_r5.csv,T,4154,90,,5,146.33609506007645,1.2798510760724433,0.042709900092893285,53.897633138056634,0.6117645807938857,False,0.5092568140968632,9.139942706972524e-05,0.0016116983290459343,0.009537947901670712,0.043017609169255906,0.03341233436997617,0.0458282978929111,0.010031322164192827,0.003542566069550758,0.7798026398373334,1999,23.6789717791022,False,False,5,3,0,FAIL,False,phase_shift,1,,4,146.3318680468378,False,False,,False,nan,nan,,0,,CALIB
rulers_t/4192nm_T110C_P225mWi_RFon_r1.csv,T,4192,110,,1,147.156962760927,0.36809056657759814,0.04247165667691733,56.60712555387088,1.0469479438486415,False,0.3924272485715007,0.002495097010398932,0.03259222114348184,0.16468976247330366,0.10506525821379194,0.1564536593570322,0.032817846495594244,0.0017653813028394563,0.007208306888733864,1.0201305093886515,2000,70.07810163491334,True,False,1,2,0,PASS,False,none,0,,0,147.156962760927,False,False,,False,nan,nan,,0,,CALIB
rulers_t/4192nm_T110C_P225mWi_RFon_r2.csv,T,4192,110,,2,147.67733785669952,0.35628602933777226,0.042321998017493805,56.691788939224104,1.0282711499662949,False,0.428006248424414,0.0077958939337084586,0.034836378440218384,0.17049149299082875,0.12019601177743686,0.15812679790355014,0.026695943429582404,0.0041487061641120645,0.007189110074304925,1.010990367444961,2000,54.36226020664743,True,False,1,2,0,PASS,False,none,0,,0,147.67733785669952,False,False,,False,nan,nan,,0,,CALIB
rulers_t/4192nm_T110C_P225mWi_RFon_r3.csv,T,4192,110,,3,147.36172611115583,0.3713197612458924,0.042412641090303106,58.00358218088982,0.9126580589195816,False,0.4232661279373973,0.03467730080728454,0.16756468483863096,0.1030625358637899,0.1563065409908293,0.027181132776551032,0.0036295171718578544,0.0018313624680068436,0.006995321805658251,0.9524610808668583,2000,125.34176218478878,False,False,3,5,0,FAIL,False,phase_shift,-1,,4,147.3694812078677,False,False,,False,nan,nan,,0,,CALIB
rulers_t/4192nm_T110C_P225mWi_RFon_r4.csv,T,4192,110,,4,145.60229184137484,0.35963785966614314,0.042925148505279086,54.95250796706329,0.9927839182845137,False,0.46456219814361405,0.03388297280417766,0.15737048888501914,0.10765593129823436,0.15870015690992276,0.03159890885044567,0.0025485640711864987,0.0016068295417154084,0.00731787635417201,0.9933917730557298,2000,122.1796120732775,False,False,3,5,0,FAIL,False,phase_shift,-1,,4,145.6079131827136,False,False,,False,nan,nan,,0,,CALIB
rulers_t/4192nm_T110C_P225mWi_RFon_r5.csv,T,4192,110,,5,146.10633675222053,0.3402013109088041,0.04277706319199063,54.194679706451836,1.0167937340016662,False,0.4231938967523996,0.026285356103688824,0.186886741679462,0.120046188594499,0.17739647524668503,0.03428804394300865,0.0036745859013474907,0.002188017815061874,0.007612459657171085,1.0053322692511448,2000,120.83372867283892,False,False,3,4,0,FAIL,False,phase_shift,-1,,4,146.21620062357124,False,False,,False,nan,nan,,0,,CALIB
rulers_t/4192nm_T70C_P225mWi_RFon_r1.csv,T,4192,70,,1,146.98660329824375,0.9524166196043207,0.042520881901858855,53.80835800817613,0.8746332488636231,False,0.2552854267725244,0.0001749193842380476,0.001379901715564013,0.008063869711131042,0.0035738820535798008,0.008156031190887791,0.0017226368819422458,3.229707769617027e-17,0.0018825025426290004,0.9324055964642725,1998,84.31043259661175,True,False,2,1,1,PASS,False,none,0,,0,146.98660329824375,False,False,,False,nan,nan,,0,,CALIB
rulers_t/4192nm_T70C_P225mWi_RFon_r2.csv,T,4192,70,,2,147.15104755213432,0.9113864928092464,0.042473363961514986,54.844919080788,1.030564815836643,False,0.39317443904648813,8.279867147496866e-17,0.0014738983736915013,0.008424762606737657,0.005487214529109717,0.008330623331096009,0.0021630877427091773,0.0005246465848683501,0.002066026271848979,1.012114241260911,1998,91.50934188912632,True,False,1,2,1,PASS,False,none,0,,0,147.15104755213432,False,False,,False,nan,nan,,0,,CALIB
rulers_t/4192nm_T70C_P225mWi_RFon_r4.csv,T,4192,70,,4,146.60565274441277,0.9640567398142104,0.04263137118523004,55.30114553835468,1.0067528516791222,False,0.4999185092540477,3.288793622308536e-05,0.0014436387236395625,0.008855713702301643,0.00855207899750123,0.008193182975750201,0.0016011363393215296,0.00031731419342987495,0.0020749597927420876,1.0003530816693542,1998,66.30733072498145,True,False,1,3,0,PASS,False,none,0,,0,146.60565274441277,False,False,,False,nan,nan,,0,,CALIB
rulers_t/4192nm_T70C_P225mWi_RFon_r5.csv,T,4192,70,,5,146.3928017206969,0.9342220418362663,0.04269335600205526,52.05273110469936,0.9171048734092955,False,0.4744836406380357,0.00010990207664826463,5.234698108755589e-15,0.0013679815532297846,0.00851382189660228,0.0065263825501533585,0.008473635078210385,0.0014186534417315005,0.001958881645368736,0.9547757516985137,1998,44.64844630405411,False,False,5,3,1,FAIL,False,phase_shift,1,,4,146.2949681379889,False,False,,False,nan,nan,,0,,CALIB
rulers_t/4192nm_T90C_P225mWi_RFon_r1.csv,T,4192,90,,1,145.85787264221403,0.97300176548653,0.04284993251842569,56.03785399536071,0.7258511951383052,False,0.3364714964556067,0.0016852362349803834,0.0009830085283352417,0.013043176154667477,0.0661445796327563,0.032349160226750565,0.07143387944831989,0.015968625744212588,0.004278404354227354,0.849407975783468,1999,40.82777288803207,False,False,5,3,0,FAIL,False,phase_shift,1,,4,145.46816196215082,False,False,,False,nan,nan,,0,,CALIB
rulers_t/4192nm_T90C_P225mWi_RFon_r2.csv,T,4192,90,,2,145.00570461577993,0.9453509203841108,0.043101752559049716,52.46626076465353,0.7573113205672226,False,0.4570649576727666,0.002109033363117284,0.0011522232884170994,0.01391710618612802,0.07618564694993088,0.04797494820729802,0.06734529283397994,0.01372829135670216,0.0045061393055386995,0.8676204121465345,1999,33.08426021833788,False,False,4,3,0,FAIL,False,phase_shift,1,,4,144.61346818737053,False,False,,False,nan,nan,,0,,CALIB
rulers_t/4192nm_T90C_P225mWi_RFon_r3.csv,T,4192,90,,3,146.2377523423661,0.8888559580254602,0.04273862186672389,54.161381673163504,0.8681909122297778,False,0.5617150418714015,0.001040684416114067,8.211485786232498e-16,0.014233473059526979,0.08077519574880339,0.07325130608837536,0.07994838281987708,0.018276175445651143,0.0049669590317549615,0.9289667167776919,1999,43.298840163558864,False,False,5,3,1,FAIL,False,phase_shift,1,,4,145.94529411391213,False,False,,False,nan,nan,,0,,CALIB
rulers_t/4192nm_T90C_P225mWi_RFon_r5.csv,T,4192,90,,5,145.3107647596222,0.9664160605986878,0.043011266304591775,53.62856516078294,0.766693107513143,False,0.5425085930183701,3.803736997768872e-05,7.686185992087872e-18,0.012672136177489893,0.07388695011858057,0.0641945699595549,0.07422613536793655,0.01451754758096712,0.004503790808676818,0.8729780338806509,1999,45.8809893504076,False,False,5,3,1,FAIL,False,phase_shift,1,,4,145.1005406006017,False,False,,False,nan,nan,"refused, trim would reach into the guarded half",0,,CALIB
rulers_t/4192nm_T90C_P225mWi_RFon_r6.csv,T,4192,90,,6,146.3992187505066,0.9896885736753727,0.04269148464959532,54.39473649842478,0.6751042245907635,False,0.41835532474018716,0.0007356710504775447,5.81192866510184e-20,0.013306574681206341,0.0661806813044756,0.037324804650772786,0.06340441088246401,0.015468291687160636,0.0040443889902912296,0.819177375735794,1999,35.940734008132,False,False,5,3,1,FAIL,False,phase_shift,1,,4,146.09034839390583,False,False,,False,nan,nan,,0,,CALIB
rulers_t/4207nm_T110C_P225mWi_RFon_r1.csv,T,4207,110,,1,146.01461829708933,1.1643308702801203,0.04280393342044293,57.13167539268968,0.7361810118755041,False,0.45762651530116444,0.0003228433468427706,0.011079844207521157,0.05931956310909399,0.04319845890177367,0.05992688837006816,0.012794988301613418,0.007949787672762903,0.004399586580657015,0.855430719670735,1999,123.0029302909418,True,False,2,1,0,PASS,False,none,0,,0,146.01461829708933,False,False,,False,nan,nan,,0,,CALIB
rulers_t/4207nm_T110C_P225mWi_RFon_r2.csv,T,4207,110,,2,145.90661816284037,1.0356489244722502,0.04283561690823806,53.207852842767615,1.0292196185854807,False,0.376616137197318,0.013683883844992445,0.07657074526881827,0.04599944924264947,0.06875152082441342,0.00814756609253501,3.1142878012462797e-14,0.011207428003110654,0.00538765954086455,1.0114549973530758,1999,91.29693505580327,False,False,3,6,1,FAIL,False,none,0,,5,145.90661816284037,True,False,top_three_unrecoverable,False,nan,nan,,0,,CALIB
rulers_t/4207nm_T110C_P225mWi_RFon_r3.csv,T,4207,110,,3,147.96259729692176,0.9172402972159555,0.0422404047656578,58.52868391445323,0.7646381669843239,False,0.3805701938628477,0.015440170180221322,0.012828506323698342,0.06306851094437006,0.04262524478863045,0.067286706602484,0.013377312602827346,0.0015553168980518416,0.004576843489156597,0.8718073427772824,1999,8.4953535943036,True,False,2,1,0,PASS,False,none,0,,0,147.96259729692176,False,False,,False,nan,nan,,1,spacing_outlier,CALIB
rulers_t/4207nm_T110C_P225mWi_RFon_r4.csv,T,4207,110,,4,145.9721697597468,0.8858745110412177,0.04281638075454227,57.74348605127895,0.8000200278621988,False,0.42979378793652584,0.016413561431858806,0.01440025724015488,0.0739308954308076,0.05091646737986808,0.06637609157208929,0.012054991401479453,0.0018371576609819873,0.0048030902660759385,0.8917496882165487,1999,7.976950760504755,True,False,1,2,0,PASS,False,none,0,,0,145.9721697597468,False,False,,False,nan,nan,,0,,CALIB
rulers_t/4207nm_T110C_P225mWi_RFon_r5.csv,T,4207,110,,5,146.4563261446063,1.115179473867919,0.04267483805260108,55.448700718192754,0.7292316339559658,False,0.3786080512686991,0.011572360939286874,0.06351759511807116,0.03632974414847888,0.06392107825819258,0.013480264674279024,0.0017764813459025862,0.0014571780454933254,0.00458303940698246,0.8513013195621738,1937,89.81058691304627,False,False,3,4,0,FAIL,False,phase_shift,-1,,4,146.4273234610954,False,False,,True,-440.5,527.5,"sustained positive residual, lower tail",0,,CALIB
rulers_t/4207nm_T70C_P225mWi_RFon_r1.csv,T,4207,70,,1,145.69512290367356,3.385776208262557,0.04289779833009367,44.18594360313275,0.8435606730915217,False,0.5106637459619429,6.509492121430591e-05,0.00011443250432299833,0.0034275339269951048,0.005994404572164767,0.003238589801667541,0.00046714433158403265,6.605936822038491e-24,0.0016107632710476438,0.9156946964490836,1999,-47.56710983892617,True,False,2,3,1,PASS,False,none,0,,0,145.69512290367356,False,False,,False,nan,nan,,0,,CALIB
rulers_t/4207nm_T70C_P225mWi_RFon_r2.csv,T,4207,70,,2,146.49060265511974,4.131715240504184,0.04266485280775495,46.92862917611609,0.8165513117776599,False,0.4765574332258956,1.548232762743775e-19,0.0003444443217423188,0.002537272480176399,0.0035537742026948214,0.002596698057392418,0.0002833533109438133,1.7617591024504251e-19,0.001530584176509393,0.9009159522550475,1999,77.27247839791899,True,False,3,2,2,PASS,False,none,0,,0,146.49060265511974,False,False,,False,nan,nan,,0,,CALIB
rulers_t/4207nm_T70C_P225mWi_RFon_r3.csv,T,4207,70,,3,145.84002757239094,3.7636474448999575,0.04285517566086357,51.52436407225806,0.8694267799737021,False,0.48784450437044574,0.00011763539729357574,0.003760516483714978,0.0058601628989035605,0.0029616117307296333,0.00026521092037863083,7.087333352551296e-17,2.727700373288985e-05,0.0016596509418025126,0.9296262676535112,1998,299.10191832437914,False,False,1,4,1,FAIL,False,phase_shift,-1,,4,145.81951957618423,False,False,,False,nan,nan,,0,,CALIB
rulers_t/4207nm_T70C_P225mWi_RFon_r4.csv,T,4207,70,,4,147.39668036751672,3.5989273413151075,0.04240258318176733,62.53271030237673,0.8249943272446139,False,0.5205282769609848,0.0008548141128466378,0.003021066701955978,0.004632336703921579,0.0026960693997597437,0.0005380153623869272,0.0002908336681989331,0.0004872583083728945,0.001611089311198427,0.905560272074842,1998,277.49562620805114,False,False,1,5,0,FAIL,False,phase_shift,-1,,4,147.11371470854758,False,False,,False,nan,nan,,0,,CALIB
rulers_t/4207nm_T70C_P225mWi_RFon_r5.csv,T,4207,70,,5,145.662419918453,5.125562102092261,0.04290742940766035,69.25178740084208,0.7828839873318636,False,0.33980128714093594,0.0008188740940731694,0.002352723100469192,0.0014346582146194155,0.0019209519188726125,0.0005905465680790542,2.419778516645615e-05,2.5240935692415384e-20,0.0014319538044812712,0.8821489009276565,2000,170.21676499555062,False,False,3,5,1,FAIL,False,phase_shift,-1,,4,145.66419512237874,False,False,,False,nan,nan,,0,,CALIB
rulers_t/4207nm_T90C_P225mWi_RFon_r1.csv,T,4207,90,,1,144.59093645631845,1.454485184932825,0.04322539263647519,53.883113325358124,0.8172126703035545,False,0.26199351514591107,1.589821396694922e-17,0.004377248910356044,0.022148908135451156,0.009476309877813003,0.02070651225194854,0.00490104273438491,0.0007068114864682102,0.00263548112683488,0.9012807228701223,1999,188.53578283643864,True,False,1,2,1,PASS,False,none,0,,0,144.59093645631845,False,False,,False,nan,nan,,0,,CALIB
rulers_t/4207nm_T90C_P225mWi_RFon_r2.csv,T,4207,90,,2,144.49051856697247,1.4724061885564925,0.04325543338058598,52.698365667001035,0.779337152285814,False,0.32475836344471565,0.0006666017597935448,0.004711498059525443,0.02117413944815267,0.011200804567943794,0.021571557098250718,0.003925655809463391,0.000564378607800055,0.002664496802266421,0.8801470275988278,1999,160.72907736466428,True,False,2,1,0,PASS,False,none,0,,0,144.49051856697247,False,False,,False,nan,nan,,0,,CALIB
rulers_t/4207nm_T90C_P225mWi_RFon_r3.csv,T,4207,90,,3,146.10241825737666,1.413697544244513,0.042778210481019464,51.014621875541934,0.7967259161973373,False,0.24285737026292709,0.0005023960117556984,0.004135901134310622,0.023070788267358543,0.009761780609968244,0.023177470130704828,0.0038739837502963113,1.9276257369479053e-13,0.0026192908535998963,0.889911888518587,1999,178.60948010852695,True,False,2,1,1,PASS,False,none,0,,0,146.10241825737666,False,False,,False,nan,nan,,0,,CALIB
rulers_t/4207nm_T90C_P225mWi_RFon_r4.csv,T,4207,90,,4,145.9907386635703,1.5599879010144202,0.04281093483883844,51.35885766510302,0.8132033378694672,False,0.33952272317850096,0.00025967962347404487,0.004191558418847765,0.019351936624952316,0.010736171709550392,0.019552388981952065,0.00330203284429336,0.0003494842747653938,0.002615769533490376,0.8990671148539588,1999,174.16499992334246,True,False,2,1,0,PASS,False,none,0,,0,145.9907386635703,False,False,,False,nan,nan,,0,,CALIB
rulers_t/4207nm_T90C_P225mWi_RFon_r5.csv,T,4207,90,,5,146.28903157983257,1.5490509060592865,0.04272364053889619,56.19013497451288,0.7856051764114313,False,0.2545983071013524,0.00023602747441404216,0.004239834907193464,0.02197401412230886,0.009274341106885743,0.01993141977460332,0.00417803683987089,0.0008542898043316717,0.002586334079937702,0.8836793464591306,1999,195.95611836776288,True,False,1,2,0,PASS,False,none,0,,0,146.28903157983257,False,False,,False,nan,nan,,0,,CALIB
rulers_t/4207nm_T90C_P225mWi_RFon_r6.csv,T,4207,90,,6,145.4834991766766,1.5317840624565884,0.04296019847866003,54.70129266015062,0.7856142645457465,False,0.35097075273941886,0.001070096151210274,0.004180023128279912,0.020504242740968452,0.011517208830542268,0.020004492628234075,0.00433896484750713,1.0751455373947838e-17,0.0026090449046016514,0.8836271883217947,1957,116.5293843045276,True,False,1,2,1,PASS,False,none,0,,0,145.4834991766766,False,False,,True,-335.5,642.5,"sustained positive residual, upper tail",0,,CALIB
