file,stage,role,peak,T,power_mW,bracket,trimmed,trim_start_ms,trim_end_ms,trim_reason,removed,removed_reason,status
p_sweep/4121nm_T130C_P125mW_RFoff_r1.csv,qc,p_sweep,4121,130,125,,0,nan,nan,,0,,DIAGNOSTIC
p_sweep/4121nm_T130C_P125mW_RFoff_r2.csv,qc,p_sweep,4121,130,125,,0,nan,nan,,0,,DIAGNOSTIC
p_sweep/4121nm_T130C_P125mW_RFoff_r3.csv,qc,p_sweep,4121,130,125,,0,nan,nan,,0,,DIAGNOSTIC
p_sweep/4121nm_T130C_P125mW_RFoff_r4.csv,qc,p_sweep,4121,130,125,,0,nan,nan,,0,,DIAGNOSTIC
p_sweep/4121nm_T130C_P125mW_RFoff_r5.csv,qc,p_sweep,4121,130,125,,0,nan,nan,,0,,DIAGNOSTIC
p_sweep/4121nm_T130C_P175mW_RFoff_r1.csv,qc,p_sweep,4121,130,175,,0,nan,nan,,0,,DIAGNOSTIC
p_sweep/4121nm_T130C_P175mW_RFoff_r2.csv,qc,p_sweep,4121,130,175,,0,nan,nan,,0,,DIAGNOSTIC
p_sweep/4121nm_T130C_P175mW_RFoff_r3.csv,qc,p_sweep,4121,130,175,,0,nan,nan,,0,,DIAGNOSTIC
p_sweep/4121nm_T130C_P175mW_RFoff_r4.csv,qc,p_sweep,4121,130,175,,0,nan,nan,,0,,DIAGNOSTIC
p_sweep/4121nm_T130C_P175mW_RFoff_r5.csv,qc,p_sweep,4121,130,175,,0,nan,nan,,0,,DIAGNOSTIC
p_sweep/4121nm_T130C_P225mW_RFoff_r1.csv,qc,p_sweep,4121,130,225,,0,nan,nan,,0,,DIAGNOSTIC
p_sweep/4121nm_T130C_P225mW_RFoff_r2.csv,qc,p_sweep,4121,130,225,,0,nan,nan,,0,,DIAGNOSTIC
p_sweep/4121nm_T130C_P225mW_RFoff_r3.csv,qc,p_sweep,4121,130,225,,0,nan,nan,,0,,DIAGNOSTIC
p_sweep/4121nm_T130C_P225mW_RFoff_r4.csv,qc,p_sweep,4121,130,225,,0,nan,nan,,0,,DIAGNOSTIC
p_sweep/4121nm_T130C_P225mW_RFoff_r5.csv,qc,p_sweep,4121,130,225,,0,nan,nan,,0,,DIAGNOSTIC
p_sweep/4121nm_T130C_P25mW_RFoff_r1.csv,qc,p_sweep,4121,130,25,,0,nan,nan,,0,,DIAGNOSTIC
p_sweep/4121nm_T130C_P25mW_RFoff_r2.csv,qc,p_sweep,4121,130,25,,0,nan,nan,,0,,DIAGNOSTIC
p_sweep/4121nm_T130C_P25mW_RFoff_r3.csv,qc,p_sweep,4121,130,25,,0,nan,nan,,0,,DIAGNOSTIC
p_sweep/4121nm_T130C_P25mW_RFoff_r4.csv,qc,p_sweep,4121,130,25,,0,nan,nan,,0,,DIAGNOSTIC
p_sweep/4121nm_T130C_P25mW_RFoff_r5.csv,qc,p_sweep,4121,130,25,,0,nan,nan,,0,,DIAGNOSTIC
p_sweep/4121nm_T130C_P75mW_RFoff_r1.csv,qc,p_sweep,4121,130,75,,0,nan,nan,,0,,DIAGNOSTIC
p_sweep/4121nm_T130C_P75mW_RFoff_r2.csv,qc,p_sweep,4121,130,75,,0,nan,nan,,0,,DIAGNOSTIC
p_sweep/4121nm_T130C_P75mW_RFoff_r3.csv,qc,p_sweep,4121,130,75,,0,nan,nan,,0,,DIAGNOSTIC
p_sweep/4121nm_T130C_P75mW_RFoff_r4.csv,qc,p_sweep,4121,130,75,,0,nan,nan,,0,,DIAGNOSTIC
p_sweep/4121nm_T130C_P75mW_RFoff_r5.csv,qc,p_sweep,4121,130,75,,0,nan,nan,,0,,DIAGNOSTIC
p_sweep/4154nm_T130C_P125mW_RFoff_r1.csv,qc,p_sweep,4154,130,125,,0,nan,nan,,0,,DIAGNOSTIC
p_sweep/4154nm_T130C_P125mW_RFoff_r2.csv,qc,p_sweep,4154,130,125,,0,nan,nan,,0,,DIAGNOSTIC
p_sweep/4154nm_T130C_P125mW_RFoff_r3.csv,qc,p_sweep,4154,130,125,,0,nan,nan,,0,,DIAGNOSTIC
p_sweep/4154nm_T130C_P125mW_RFoff_r4.csv,qc,p_sweep,4154,130,125,,0,nan,nan,,0,,DIAGNOSTIC
p_sweep/4154nm_T130C_P125mW_RFoff_r5.csv,qc,p_sweep,4154,130,125,,0,nan,nan,,0,,DIAGNOSTIC
p_sweep/4154nm_T130C_P175mW_RFoff_r1.csv,qc,p_sweep,4154,130,175,,0,nan,nan,,0,,DIAGNOSTIC
p_sweep/4154nm_T130C_P175mW_RFoff_r2.csv,qc,p_sweep,4154,130,175,,0,nan,nan,,0,,DIAGNOSTIC
p_sweep/4154nm_T130C_P175mW_RFoff_r3.csv,qc,p_sweep,4154,130,175,,0,nan,nan,,0,,DIAGNOSTIC
p_sweep/4154nm_T130C_P175mW_RFoff_r4.csv,qc,p_sweep,4154,130,175,,0,nan,nan,,0,,DIAGNOSTIC
p_sweep/4154nm_T130C_P175mW_RFoff_r5.csv,qc,p_sweep,4154,130,175,,0,nan,nan,,0,,DIAGNOSTIC
p_sweep/4154nm_T130C_P225mW_RFoff_r1.csv,qc,p_sweep,4154,130,225,,0,nan,nan,,0,,DIAGNOSTIC
p_sweep/4154nm_T130C_P225mW_RFoff_r2.csv,qc,p_sweep,4154,130,225,,0,nan,nan,,0,,DIAGNOSTIC
p_sweep/4154nm_T130C_P225mW_RFoff_r3.csv,qc,p_sweep,4154,130,225,,0,nan,nan,,0,,DIAGNOSTIC
p_sweep/4154nm_T130C_P225mW_RFoff_r4.csv,qc,p_sweep,4154,130,225,,0,nan,nan,,0,,DIAGNOSTIC
p_sweep/4154nm_T130C_P225mW_RFoff_r5.csv,qc,p_sweep,4154,130,225,,0,nan,nan,,0,,DIAGNOSTIC
p_sweep/4154nm_T130C_P25mW_RFoff_r1.csv,qc,p_sweep,4154,130,25,,0,nan,nan,,0,,DIAGNOSTIC
p_sweep/4154nm_T130C_P25mW_RFoff_r2.csv,qc,p_sweep,4154,130,25,,0,nan,nan,,0,,DIAGNOSTIC
p_sweep/4154nm_T130C_P25mW_RFoff_r3.csv,qc,p_sweep,4154,130,25,,0,nan,nan,,0,,DIAGNOSTIC
p_sweep/4154nm_T130C_P25mW_RFoff_r4.csv,qc,p_sweep,4154,130,25,,0,nan,nan,,0,,DIAGNOSTIC
p_sweep/4154nm_T130C_P25mW_RFoff_r5.csv,qc,p_sweep,4154,130,25,,0,nan,nan,,0,,DIAGNOSTIC
p_sweep/4154nm_T130C_P75mW_RFoff_r1.csv,qc,p_sweep,4154,130,75,,0,nan,nan,,0,,DIAGNOSTIC
p_sweep/4154nm_T130C_P75mW_RFoff_r2.csv,qc,p_sweep,4154,130,75,,0,nan,nan,,0,,DIAGNOSTIC
p_sweep/4154nm_T130C_P75mW_RFoff_r3.csv,qc,p_sweep,4154,130,75,,0,nan,nan,,0,,DIAGNOSTIC
p_sweep/4154nm_T130C_P75mW_RFoff_r4.csv,qc,p_sweep,4154,130,75,,0,nan,nan,,0,,DIAGNOSTIC
p_sweep/4154nm_T130C_P75mW_RFoff_r5.csv,qc,p_sweep,4154,130,75,,0,nan,nan,,0,,DIAGNOSTIC
p_sweep/4192nm_T130C_P125mW_RFoff_r1.csv,qc,p_sweep,4192,130,125,,0,nan,nan,,0,,DIAGNOSTIC
p_sweep/4192nm_T130C_P125mW_RFoff_r2.csv,qc,p_sweep,4192,130,125,,0,nan,nan,,0,,DIAGNOSTIC
p_sweep/4192nm_T130C_P125mW_RFoff_r3.csv,qc,p_sweep,4192,130,125,,0,nan,nan,,0,,DIAGNOSTIC
p_sweep/4192nm_T130C_P125mW_RFoff_r4.csv,qc,p_sweep,4192,130,125,,0,nan,nan,,0,,DIAGNOSTIC
p_sweep/4192nm_T130C_P125mW_RFoff_r5.csv,qc,p_sweep,4192,130,125,,0,nan,nan,,0,,DIAGNOSTIC
p_sweep/4192nm_T130C_P175mW_RFoff_r1.csv,qc,p_sweep,4192,130,175,,1,-435.5,502.0,"sustained positive residual, upper tail",0,,DIAGNOSTIC
p_sweep/4192nm_T130C_P175mW_RFoff_r2.csv,qc,p_sweep,4192,130,175,,1,-389.0,563.5,"sustained positive residual, lower tail",0,,DIAGNOSTIC
p_sweep/4192nm_T130C_P175mW_RFoff_r3.csv,qc,p_sweep,4192,130,175,,1,-385.0,563.5,"sustained positive residual, lower tail",0,,DIAGNOSTIC
p_sweep/4192nm_T130C_P175mW_RFoff_r4.csv,qc,p_sweep,4192,130,175,,1,-435.5,510.49999999999994,"sustained positive residual, upper tail",0,,DIAGNOSTIC
p_sweep/4192nm_T130C_P175mW_RFoff_r5.csv,qc,p_sweep,4192,130,175,,1,-379.5,563.5,"sustained positive residual, lower tail",0,,DIAGNOSTIC
p_sweep/4192nm_T130C_P225mW_RFoff_r1.csv,qc,p_sweep,4192,130,225,,0,nan,nan,,0,,DIAGNOSTIC
p_sweep/4192nm_T130C_P225mW_RFoff_r2.csv,qc,p_sweep,4192,130,225,,0,nan,nan,,0,,DIAGNOSTIC
p_sweep/4192nm_T130C_P225mW_RFoff_r3.csv,qc,p_sweep,4192,130,225,,0,nan,nan,,0,,DIAGNOSTIC
p_sweep/4192nm_T130C_P225mW_RFoff_r4.csv,qc,p_sweep,4192,130,225,,0,nan,nan,,0,,DIAGNOSTIC
p_sweep/4192nm_T130C_P225mW_RFoff_r5.csv,qc,p_sweep,4192,130,225,,0,nan,nan,,0,,DIAGNOSTIC
p_sweep/4192nm_T130C_P25mW_RFoff_r1.csv,qc,p_sweep,4192,130,25,,0,nan,nan,,0,,DIAGNOSTIC
p_sweep/4192nm_T130C_P25mW_RFoff_r2.csv,qc,p_sweep,4192,130,25,,0,nan,nan,,0,,DIAGNOSTIC
p_sweep/4192nm_T130C_P25mW_RFoff_r3.csv,qc,p_sweep,4192,130,25,,0,nan,nan,,0,,DIAGNOSTIC
p_sweep/4192nm_T130C_P25mW_RFoff_r4.csv,qc,p_sweep,4192,130,25,,0,nan,nan,,0,,DIAGNOSTIC
p_sweep/4192nm_T130C_P25mW_RFoff_r5.csv,qc,p_sweep,4192,130,25,,0,nan,nan,,0,,DIAGNOSTIC
p_sweep/4192nm_T130C_P75mW_RFoff_r1.csv,qc,p_sweep,4192,130,75,,0,nan,nan,,0,,DIAGNOSTIC
p_sweep/4192nm_T130C_P75mW_RFoff_r2.csv,qc,p_sweep,4192,130,75,,0,nan,nan,,0,,DIAGNOSTIC
p_sweep/4192nm_T130C_P75mW_RFoff_r3.csv,qc,p_sweep,4192,130,75,,0,nan,nan,,0,,DIAGNOSTIC
p_sweep/4192nm_T130C_P75mW_RFoff_r4.csv,qc,p_sweep,4192,130,75,,0,nan,nan,,0,,DIAGNOSTIC
p_sweep/4192nm_T130C_P75mW_RFoff_r5.csv,qc,p_sweep,4192,130,75,,0,nan,nan,,0,,DIAGNOSTIC
p_sweep/4207nm_T130C_P125mW_RFoff_r1.csv,qc,p_sweep,4207,130,125,,0,nan,nan,,0,,DIAGNOSTIC
p_sweep/4207nm_T130C_P125mW_RFoff_r2.csv,qc,p_sweep,4207,130,125,,0,nan,nan,,0,,DIAGNOSTIC
p_sweep/4207nm_T130C_P125mW_RFoff_r3.csv,qc,p_sweep,4207,130,125,,0,nan,nan,,0,,DIAGNOSTIC
p_sweep/4207nm_T130C_P125mW_RFoff_r4.csv,qc,p_sweep,4207,130,125,,0,nan,nan,,0,,DIAGNOSTIC
p_sweep/4207nm_T130C_P125mW_RFoff_r5.csv,qc,p_sweep,4207,130,125,,0,nan,nan,,0,,DIAGNOSTIC
p_sweep/4207nm_T130C_P175mW_RFoff_r1.csv,qc,p_sweep,4207,130,175,,0,nan,nan,,0,,DIAGNOSTIC
p_sweep/4207nm_T130C_P175mW_RFoff_r2.csv,qc,p_sweep,4207,130,175,,0,nan,nan,,0,,DIAGNOSTIC
p_sweep/4207nm_T130C_P175mW_RFoff_r3.csv,qc,p_sweep,4207,130,175,,0,nan,nan,,0,,DIAGNOSTIC
p_sweep/4207nm_T130C_P175mW_RFoff_r4.csv,qc,p_sweep,4207,130,175,,0,nan,nan,,0,,DIAGNOSTIC
p_sweep/4207nm_T130C_P175mW_RFoff_r5.csv,qc,p_sweep,4207,130,175,,0,nan,nan,,0,,DIAGNOSTIC
p_sweep/4207nm_T130C_P225mW_RFoff_r1.csv,qc,p_sweep,4207,130,225,,1,181.5,1113.5,"sustained positive residual, lower tail",0,,DIAGNOSTIC
p_sweep/4207nm_T130C_P225mW_RFoff_r2.csv,qc,p_sweep,4207,130,225,,1,167.5,1097.5,"sustained positive residual, lower tail",0,,DIAGNOSTIC
p_sweep/4207nm_T130C_P225mW_RFoff_r3.csv,qc,p_sweep,4207,130,225,,1,156.0,1085.5,"sustained positive residual, lower tail",0,,DIAGNOSTIC
p_sweep/4207nm_T130C_P225mW_RFoff_r4.csv,qc,p_sweep,4207,130,225,,1,156.5,1085.5,"sustained positive residual, lower tail",0,,DIAGNOSTIC
p_sweep/4207nm_T130C_P225mW_RFoff_r5.csv,qc,p_sweep,4207,130,225,,1,147.5,1079.5,"sustained positive residual, lower tail",0,,DIAGNOSTIC
p_sweep/4207nm_T130C_P25mW_RFoff_r1.csv,qc,p_sweep,4207,130,25,,1,-329.0,629.5,"sustained positive residual, lower tail",0,,DIAGNOSTIC
p_sweep/4207nm_T130C_P25mW_RFoff_r2.csv,qc,p_sweep,4207,130,25,,1,-315.5,616.0,"sustained positive residual, upper tail",0,,DIAGNOSTIC
discarded/4207nm_T130C_P25mW_RFoff_r2.csv,qc,p_sweep,4207,130,25,,1,-315.5,630.0,"sustained positive residual, upper tail",0,,DIAGNOSTIC
p_sweep/4207nm_T130C_P25mW_RFoff_r3.csv,qc,p_sweep,4207,130,25,,1,-252.5,683.5,"sustained positive residual, lower tail",0,,DIAGNOSTIC
p_sweep/4207nm_T130C_P25mW_RFoff_r4.csv,qc,p_sweep,4207,130,25,,1,-262.5,683.5,"sustained positive residual, lower tail",0,,DIAGNOSTIC
p_sweep/4207nm_T130C_P25mW_RFoff_r5.csv,qc,p_sweep,4207,130,25,,1,-315.5,625.5,"sustained positive residual, upper tail",0,,DIAGNOSTIC
p_sweep/4207nm_T130C_P75mW_RFoff_r1.csv,qc,p_sweep,4207,130,75,,0,nan,nan,,0,,DIAGNOSTIC
p_sweep/4207nm_T130C_P75mW_RFoff_r2.csv,qc,p_sweep,4207,130,75,,0,nan,nan,,0,,DIAGNOSTIC
p_sweep/4207nm_T130C_P75mW_RFoff_r3.csv,qc,p_sweep,4207,130,75,,0,nan,nan,,0,,DIAGNOSTIC
p_sweep/4207nm_T130C_P75mW_RFoff_r4.csv,qc,p_sweep,4207,130,75,,0,nan,nan,,0,,DIAGNOSTIC
p_sweep/4207nm_T130C_P75mW_RFoff_r5.csv,qc,p_sweep,4207,130,75,,0,nan,nan,,0,,DIAGNOSTIC
excluded/4154nm_T130C_Punknown_RFon_after_r1.csv,qc,excluded,4154,130,,after,0,nan,nan,"not applicable, multi-peak trace",0,,DIAGNOSTIC
excluded/4154nm_T130C_Punknown_RFon_after_r2.csv,qc,excluded,4154,130,,after,0,nan,nan,"not applicable, multi-peak trace",0,,DIAGNOSTIC
excluded/4154nm_T130C_Punknown_RFon_after_r3.csv,qc,excluded,4154,130,,after,0,nan,nan,"not applicable, multi-peak trace",0,,DIAGNOSTIC
excluded/4154nm_T130C_Punknown_RFon_after_r4.csv,qc,excluded,4154,130,,after,0,nan,nan,"not applicable, multi-peak trace",0,,DIAGNOSTIC
excluded/4154nm_T130C_Punknown_RFon_after_r5.csv,qc,excluded,4154,130,,after,0,nan,nan,"not applicable, multi-peak trace",0,,DIAGNOSTIC
excluded/4154nm_T130C_Punknown_RFon_before_r1.csv,qc,excluded,4154,130,,before,0,nan,nan,"not applicable, multi-peak trace",0,,DIAGNOSTIC
excluded/4154nm_T130C_Punknown_RFon_before_r2.csv,qc,excluded,4154,130,,before,0,nan,nan,"not applicable, multi-peak trace",0,,DIAGNOSTIC
excluded/4154nm_T130C_Punknown_RFon_before_r3.csv,qc,excluded,4154,130,,before,0,nan,nan,"not applicable, multi-peak trace",0,,DIAGNOSTIC
excluded/4154nm_T130C_Punknown_RFon_before_r4.csv,qc,excluded,4154,130,,before,0,nan,nan,"not applicable, multi-peak trace",0,,DIAGNOSTIC
excluded/4154nm_T130C_Punknown_RFon_before_r5.csv,qc,excluded,4154,130,,before,0,nan,nan,"not applicable, multi-peak trace",0,,DIAGNOSTIC
excluded/4154nm_T130C_P125mW_RFoff_r1.csv,qc,excluded,4154,130,125,,0,nan,nan,,0,,DIAGNOSTIC
excluded/4154nm_T130C_P125mW_RFoff_r2.csv,qc,excluded,4154,130,125,,0,nan,nan,,0,,DIAGNOSTIC
excluded/4154nm_T130C_P125mW_RFoff_r3.csv,qc,excluded,4154,130,125,,0,nan,nan,,0,,DIAGNOSTIC
excluded/4154nm_T130C_P125mW_RFoff_r4.csv,qc,excluded,4154,130,125,,0,nan,nan,,0,,DIAGNOSTIC
excluded/4154nm_T130C_P125mW_RFoff_r5.csv,qc,excluded,4154,130,125,,0,nan,nan,,0,,DIAGNOSTIC
excluded/4154nm_T130C_P125mW_RFoff_r6.csv,qc,excluded,4154,130,125,,0,nan,nan,,0,,DIAGNOSTIC
excluded/4154nm_T130C_P125mW_RFoff_r7.csv,qc,excluded,4154,130,125,,0,nan,nan,,0,,DIAGNOSTIC
excluded/4154nm_T130C_P125mW_RFoff_r8.csv,qc,excluded,4154,130,125,,0,nan,nan,,0,,DIAGNOSTIC
excluded/4154nm_T130C_P225mW_RFoff_r1.csv,qc,excluded,4154,130,225,,1,-406.5,533.5,"sustained positive residual, lower tail",0,,DIAGNOSTIC
excluded/4154nm_T130C_P225mW_RFoff_r2.csv,qc,excluded,4154,130,225,,1,-396.5,533.5,"sustained positive residual, lower tail",0,,DIAGNOSTIC
excluded/4154nm_T130C_P225mW_RFoff_r3.csv,qc,excluded,4154,130,225,,1,-394.0,533.5,"sustained positive residual, lower tail",0,,DIAGNOSTIC
excluded/4154nm_T130C_P225mW_RFoff_r4.csv,qc,excluded,4154,130,225,,1,-465.5,462.5,"sustained positive residual, upper tail",0,,DIAGNOSTIC
excluded/4154nm_T130C_P225mW_RFoff_r6.csv,qc,excluded,4154,130,225,,1,-393.0,533.5,"sustained positive residual, lower tail",0,,DIAGNOSTIC
excluded/4154nm_T130C_P225mW_RFoff_r7.csv,qc,excluded,4154,130,225,,1,-397.5,533.5,"sustained positive residual, lower tail",0,,DIAGNOSTIC
excluded/4154nm_T130C_P25mW_RFoff_r1.csv,qc,excluded,4154,130,25,,0,nan,nan,,0,,DIAGNOSTIC
excluded/4154nm_T130C_P25mW_RFoff_r2.csv,qc,excluded,4154,130,25,,0,nan,nan,,0,,DIAGNOSTIC
excluded/4154nm_T130C_P25mW_RFoff_r3.csv,qc,excluded,4154,130,25,,0,nan,nan,,0,,DIAGNOSTIC
excluded/4154nm_T130C_P25mW_RFoff_r4.csv,qc,excluded,4154,130,25,,0,nan,nan,,0,,DIAGNOSTIC
excluded/4154nm_T130C_P25mW_RFoff_r5.csv,qc,excluded,4154,130,25,,0,nan,nan,,0,,DIAGNOSTIC
rulers_p/4121nm_T130C_Punknown_RFon_after_r1.csv,qc,ruler_p,4121,130,,after,0,nan,nan,"not applicable, multi-peak trace",0,,DIAGNOSTIC
rulers_p/4121nm_T130C_Punknown_RFon_after_r2.csv,qc,ruler_p,4121,130,,after,0,nan,nan,"not applicable, multi-peak trace",0,,DIAGNOSTIC
rulers_p/4121nm_T130C_Punknown_RFon_after_r3.csv,qc,ruler_p,4121,130,,after,0,nan,nan,"not applicable, multi-peak trace",0,,DIAGNOSTIC
rulers_p/4121nm_T130C_Punknown_RFon_after_r4.csv,qc,ruler_p,4121,130,,after,0,nan,nan,"not applicable, multi-peak trace",0,,DIAGNOSTIC
rulers_p/4121nm_T130C_Punknown_RFon_after_r5.csv,qc,ruler_p,4121,130,,after,0,nan,nan,"not applicable, multi-peak trace",0,,DIAGNOSTIC
rulers_p/4121nm_T130C_Punknown_RFon_after_r6.csv,qc,ruler_p,4121,130,,after,0,nan,nan,"not applicable, multi-peak trace",0,,DIAGNOSTIC
rulers_p/4121nm_T130C_P225mWi_RFon_before_r1.csv,qc,ruler_p,4121,130,,before,0,nan,nan,"not applicable, multi-peak trace",0,,DIAGNOSTIC
rulers_p/4121nm_T130C_P225mWi_RFon_before_r2.csv,qc,ruler_p,4121,130,,before,0,nan,nan,"not applicable, multi-peak trace",0,,DIAGNOSTIC
rulers_p/4121nm_T130C_P225mWi_RFon_before_r3.csv,qc,ruler_p,4121,130,,before,0,nan,nan,"not applicable, multi-peak trace",0,,DIAGNOSTIC
rulers_p/4121nm_T130C_P225mWi_RFon_before_r4.csv,qc,ruler_p,4121,130,,before,0,nan,nan,"not applicable, multi-peak trace",0,,DIAGNOSTIC
rulers_p/4121nm_T130C_P225mWi_RFon_before_r5.csv,qc,ruler_p,4121,130,,before,0,nan,nan,"not applicable, multi-peak trace",0,,DIAGNOSTIC
rulers_p/4154nm_T130C_Punknown_RFon_after_r1.csv,qc,ruler_p,4154,130,,after,0,nan,nan,"not applicable, multi-peak trace",0,,DIAGNOSTIC
rulers_p/4154nm_T130C_Punknown_RFon_after_r2.csv,qc,ruler_p,4154,130,,after,0,nan,nan,"not applicable, multi-peak trace",0,,DIAGNOSTIC
rulers_p/4154nm_T130C_Punknown_RFon_after_r3.csv,qc,ruler_p,4154,130,,after,0,nan,nan,"not applicable, multi-peak trace",0,,DIAGNOSTIC
rulers_p/4154nm_T130C_Punknown_RFon_after_r4.csv,qc,ruler_p,4154,130,,after,0,nan,nan,"not applicable, multi-peak trace",0,,DIAGNOSTIC
rulers_p/4154nm_T130C_Punknown_RFon_after_r5.csv,qc,ruler_p,4154,130,,after,0,nan,nan,"not applicable, multi-peak trace",0,,DIAGNOSTIC
rulers_p/4154nm_T130C_P225mWi_RFon_before_r1.csv,qc,ruler_p,4154,130,,before,0,nan,nan,"not applicable, multi-peak trace",0,,DIAGNOSTIC
rulers_p/4154nm_T130C_P225mWi_RFon_before_r2.csv,qc,ruler_p,4154,130,,before,0,nan,nan,"not applicable, multi-peak trace",0,,DIAGNOSTIC
rulers_p/4154nm_T130C_P225mWi_RFon_before_r3.csv,qc,ruler_p,4154,130,,before,0,nan,nan,"not applicable, multi-peak trace",0,,DIAGNOSTIC
rulers_p/4154nm_T130C_P225mWi_RFon_before_r4.csv,qc,ruler_p,4154,130,,before,0,nan,nan,"not applicable, multi-peak trace",0,,DIAGNOSTIC
rulers_p/4154nm_T130C_P225mWi_RFon_before_r5.csv,qc,ruler_p,4154,130,,before,0,nan,nan,"not applicable, multi-peak trace",0,,DIAGNOSTIC
rulers_p/4154nm_T130C_P225mWi_RFon_before_r6.csv,qc,ruler_p,4154,130,,before,0,nan,nan,"not applicable, multi-peak trace",0,,DIAGNOSTIC
rulers_p/4154nm_T130C_P225mWi_RFon_before_r7.csv,qc,ruler_p,4154,130,,before,0,nan,nan,"not applicable, multi-peak trace",0,,DIAGNOSTIC
rulers_p/4192nm_T130C_Punknown_RFon_after_r1.csv,qc,ruler_p,4192,130,,after,0,nan,nan,"not applicable, multi-peak trace",0,,DIAGNOSTIC
rulers_p/4192nm_T130C_Punknown_RFon_after_r2.csv,qc,ruler_p,4192,130,,after,0,nan,nan,"not applicable, multi-peak trace",0,,DIAGNOSTIC
rulers_p/4192nm_T130C_Punknown_RFon_after_r3.csv,qc,ruler_p,4192,130,,after,0,nan,nan,"not applicable, multi-peak trace",0,,DIAGNOSTIC
rulers_p/4192nm_T130C_Punknown_RFon_after_r5.csv,qc,ruler_p,4192,130,,after,0,nan,nan,"not applicable, multi-peak trace",0,,DIAGNOSTIC
rulers_p/4192nm_T130C_Punknown_RFon_after_r6.csv,qc,ruler_p,4192,130,,after,0,nan,nan,"not applicable, multi-peak trace",0,,DIAGNOSTIC
rulers_p/4192nm_T130C_P225mWi_RFon_before_r1.csv,qc,ruler_p,4192,130,,before,0,nan,nan,"not applicable, multi-peak trace",0,,DIAGNOSTIC
rulers_p/4192nm_T130C_P225mWi_RFon_before_r2.csv,qc,ruler_p,4192,130,,before,0,nan,nan,"not applicable, multi-peak trace",0,,DIAGNOSTIC
rulers_p/4192nm_T130C_P225mWi_RFon_before_r3.csv,qc,ruler_p,4192,130,,before,0,nan,nan,"not applicable, multi-peak trace",0,,DIAGNOSTIC
rulers_p/4192nm_T130C_P225mWi_RFon_before_r4.csv,qc,ruler_p,4192,130,,before,0,nan,nan,"not applicable, multi-peak trace",0,,DIAGNOSTIC
rulers_p/4192nm_T130C_P225mWi_RFon_before_r5.csv,qc,ruler_p,4192,130,,before,0,nan,nan,"not applicable, multi-peak trace",0,,DIAGNOSTIC
rulers_p/4192nm_T130C_P225mWi_RFon_before_r6.csv,qc,ruler_p,4192,130,,before,0,nan,nan,"not applicable, multi-peak trace",0,,DIAGNOSTIC
rulers_p/4207nm_T130C_Punknown_RFon_after_r1.csv,qc,ruler_p,4207,130,,after,0,nan,nan,"not applicable, multi-peak trace",0,,DIAGNOSTIC
rulers_p/4207nm_T130C_Punknown_RFon_after_r2.csv,qc,ruler_p,4207,130,,after,0,nan,nan,"not applicable, multi-peak trace",0,,DIAGNOSTIC
rulers_p/4207nm_T130C_Punknown_RFon_after_r3.csv,qc,ruler_p,4207,130,,after,0,nan,nan,"not applicable, multi-peak trace",0,,DIAGNOSTIC
rulers_p/4207nm_T130C_Punknown_RFon_after_r4.csv,qc,ruler_p,4207,130,,after,0,nan,nan,"not applicable, multi-peak trace",0,,DIAGNOSTIC
rulers_p/4207nm_T130C_Punknown_RFon_after_r5.csv,qc,ruler_p,4207,130,,after,0,nan,nan,"not applicable, multi-peak trace",0,,DIAGNOSTIC
rulers_p/4207nm_T130C_P225mWi_RFon_before_r1.csv,qc,ruler_p,4207,130,,before,0,nan,nan,"not applicable, multi-peak trace",0,,DIAGNOSTIC
rulers_p/4207nm_T130C_P225mWi_RFon_before_r2.csv,qc,ruler_p,4207,130,,before,0,nan,nan,"not applicable, multi-peak trace",0,,DIAGNOSTIC
rulers_p/4207nm_T130C_P225mWi_RFon_before_r3.csv,qc,ruler_p,4207,130,,before,0,nan,nan,"not applicable, multi-peak trace",0,,DIAGNOSTIC
rulers_p/4207nm_T130C_P225mWi_RFon_before_r4.csv,qc,ruler_p,4207,130,,before,0,nan,nan,"not applicable, multi-peak trace",0,,DIAGNOSTIC
rulers_p/4207nm_T130C_P225mWi_RFon_before_r5.csv,qc,ruler_p,4207,130,,before,0,nan,nan,"not applicable, multi-peak trace",0,,DIAGNOSTIC
rulers_t/4121nm_T110C_P225mWi_RFon_r1.csv,qc,ruler_t,4121,110,,,0,nan,nan,"not applicable, multi-peak trace",0,,DIAGNOSTIC
rulers_t/4121nm_T110C_P225mWi_RFon_r2.csv,qc,ruler_t,4121,110,,,0,nan,nan,"not applicable, multi-peak trace",0,,DIAGNOSTIC
rulers_t/4121nm_T110C_P225mWi_RFon_r3.csv,qc,ruler_t,4121,110,,,0,nan,nan,"not applicable, multi-peak trace",0,,DIAGNOSTIC
rulers_t/4121nm_T110C_P225mWi_RFon_r4.csv,qc,ruler_t,4121,110,,,0,nan,nan,"not applicable, multi-peak trace",0,,DIAGNOSTIC
rulers_t/4121nm_T110C_P225mWi_RFon_r5.csv,qc,ruler_t,4121,110,,,0,nan,nan,"not applicable, multi-peak trace",0,,DIAGNOSTIC
rulers_t/4121nm_T70C_P225mWi_RFon_r1.csv,qc,ruler_t,4121,70,,,0,nan,nan,"not applicable, multi-peak trace",0,,DIAGNOSTIC
rulers_t/4121nm_T70C_P225mWi_RFon_r2.csv,qc,ruler_t,4121,70,,,0,nan,nan,"not applicable, multi-peak trace",0,,DIAGNOSTIC
rulers_t/4121nm_T70C_P225mWi_RFon_r3.csv,qc,ruler_t,4121,70,,,0,nan,nan,"not applicable, multi-peak trace",0,,DIAGNOSTIC
rulers_t/4121nm_T70C_P225mWi_RFon_r4.csv,qc,ruler_t,4121,70,,,0,nan,nan,"not applicable, multi-peak trace",0,,DIAGNOSTIC
rulers_t/4121nm_T70C_P225mWi_RFon_r5.csv,qc,ruler_t,4121,70,,,0,nan,nan,"not applicable, multi-peak trace",0,,DIAGNOSTIC
rulers_t/4121nm_T90C_P225mWi_RFon_r1.csv,qc,ruler_t,4121,90,,,0,nan,nan,"not applicable, multi-peak trace",0,,DIAGNOSTIC
rulers_t/4121nm_T90C_P225mWi_RFon_r2.csv,qc,ruler_t,4121,90,,,0,nan,nan,"not applicable, multi-peak trace",0,,DIAGNOSTIC
rulers_t/4121nm_T90C_P225mWi_RFon_r3.csv,qc,ruler_t,4121,90,,,0,nan,nan,"not applicable, multi-peak trace",0,,DIAGNOSTIC
rulers_t/4121nm_T90C_P225mWi_RFon_r4.csv,qc,ruler_t,4121,90,,,0,nan,nan,"not applicable, multi-peak trace",0,,DIAGNOSTIC
rulers_t/4121nm_T90C_P225mWi_RFon_r5.csv,qc,ruler_t,4121,90,,,0,nan,nan,"not applicable, multi-peak trace",0,,DIAGNOSTIC
rulers_t/4154nm_T110C_P225mWi_RFon_r1.csv,qc,ruler_t,4154,110,,,0,nan,nan,"not applicable, multi-peak trace",0,,DIAGNOSTIC
rulers_t/4154nm_T110C_P225mWi_RFon_r2.csv,qc,ruler_t,4154,110,,,0,nan,nan,"not applicable, multi-peak trace",0,,DIAGNOSTIC
rulers_t/4154nm_T110C_P225mWi_RFon_r3.csv,qc,ruler_t,4154,110,,,0,nan,nan,"not applicable, multi-peak trace",0,,DIAGNOSTIC
rulers_t/4154nm_T110C_P225mWi_RFon_r4.csv,qc,ruler_t,4154,110,,,0,nan,nan,"not applicable, multi-peak trace",0,,DIAGNOSTIC
rulers_t/4154nm_T110C_P225mWi_RFon_r5.csv,qc,ruler_t,4154,110,,,0,nan,nan,"not applicable, multi-peak trace",0,,DIAGNOSTIC
rulers_t/4154nm_T70C_P225mWi_RFon_r1.csv,qc,ruler_t,4154,70,,,0,nan,nan,"not applicable, multi-peak trace",0,,DIAGNOSTIC
rulers_t/4154nm_T70C_P225mWi_RFon_r2.csv,qc,ruler_t,4154,70,,,0,nan,nan,"not applicable, multi-peak trace",0,,DIAGNOSTIC
rulers_t/4154nm_T70C_P225mWi_RFon_r3.csv,qc,ruler_t,4154,70,,,0,nan,nan,"not applicable, multi-peak trace",0,,DIAGNOSTIC
rulers_t/4154nm_T70C_P225mWi_RFon_r4.csv,qc,ruler_t,4154,70,,,0,nan,nan,"not applicable, multi-peak trace",0,,DIAGNOSTIC
rulers_t/4154nm_T70C_P225mWi_RFon_r5.csv,qc,ruler_t,4154,70,,,0,nan,nan,"not applicable, multi-peak trace",0,,DIAGNOSTIC
rulers_t/4154nm_T90C_P225mWi_RFon_r1.csv,qc,ruler_t,4154,90,,,0,nan,nan,"not applicable, multi-peak trace",0,,DIAGNOSTIC
rulers_t/4154nm_T90C_P225mWi_RFon_r2.csv,qc,ruler_t,4154,90,,,0,nan,nan,"not applicable, multi-peak trace",0,,DIAGNOSTIC
rulers_t/4154nm_T90C_P225mWi_RFon_r3.csv,qc,ruler_t,4154,90,,,0,nan,nan,"not applicable, multi-peak trace",0,,DIAGNOSTIC
rulers_t/4154nm_T90C_P225mWi_RFon_r4.csv,qc,ruler_t,4154,90,,,0,nan,nan,"not applicable, multi-peak trace",0,,DIAGNOSTIC
rulers_t/4154nm_T90C_P225mWi_RFon_r5.csv,qc,ruler_t,4154,90,,,0,nan,nan,"not applicable, multi-peak trace",0,,DIAGNOSTIC
rulers_t/4192nm_T110C_P225mWi_RFon_r1.csv,qc,ruler_t,4192,110,,,0,nan,nan,"not applicable, multi-peak trace",0,,DIAGNOSTIC
rulers_t/4192nm_T110C_P225mWi_RFon_r2.csv,qc,ruler_t,4192,110,,,0,nan,nan,"not applicable, multi-peak trace",0,,DIAGNOSTIC
rulers_t/4192nm_T110C_P225mWi_RFon_r3.csv,qc,ruler_t,4192,110,,,0,nan,nan,"not applicable, multi-peak trace",0,,DIAGNOSTIC
rulers_t/4192nm_T110C_P225mWi_RFon_r4.csv,qc,ruler_t,4192,110,,,0,nan,nan,"not applicable, multi-peak trace",0,,DIAGNOSTIC
rulers_t/4192nm_T110C_P225mWi_RFon_r5.csv,qc,ruler_t,4192,110,,,0,nan,nan,"not applicable, multi-peak trace",0,,DIAGNOSTIC
rulers_t/4192nm_T70C_P225mWi_RFon_r1.csv,qc,ruler_t,4192,70,,,0,nan,nan,"not applicable, multi-peak trace",0,,DIAGNOSTIC
rulers_t/4192nm_T70C_P225mWi_RFon_r2.csv,qc,ruler_t,4192,70,,,0,nan,nan,"not applicable, multi-peak trace",0,,DIAGNOSTIC
rulers_t/4192nm_T70C_P225mWi_RFon_r3.csv,qc,ruler_t,4192,70,,,0,nan,nan,"not applicable, multi-peak trace",0,,DIAGNOSTIC
rulers_t/4192nm_T70C_P225mWi_RFon_r4.csv,qc,ruler_t,4192,70,,,0,nan,nan,"not applicable, multi-peak trace",0,,DIAGNOSTIC
rulers_t/4192nm_T70C_P225mWi_RFon_r5.csv,qc,ruler_t,4192,70,,,0,nan,nan,"not applicable, multi-peak trace",0,,DIAGNOSTIC
rulers_t/4192nm_T90C_P225mWi_RFon_r1.csv,qc,ruler_t,4192,90,,,0,nan,nan,"not applicable, multi-peak trace",0,,DIAGNOSTIC
rulers_t/4192nm_T90C_P225mWi_RFon_r2.csv,qc,ruler_t,4192,90,,,0,nan,nan,"not applicable, multi-peak trace",0,,DIAGNOSTIC
rulers_t/4192nm_T90C_P225mWi_RFon_r3.csv,qc,ruler_t,4192,90,,,0,nan,nan,"not applicable, multi-peak trace",0,,DIAGNOSTIC
rulers_t/4192nm_T90C_P225mWi_RFon_r5.csv,qc,ruler_t,4192,90,,,0,nan,nan,"not applicable, multi-peak trace",0,,DIAGNOSTIC
rulers_t/4192nm_T90C_P225mWi_RFon_r6.csv,qc,ruler_t,4192,90,,,0,nan,nan,"not applicable, multi-peak trace",0,,DIAGNOSTIC
rulers_t/4207nm_T110C_P225mWi_RFon_r1.csv,qc,ruler_t,4207,110,,,0,nan,nan,"not applicable, multi-peak trace",0,,DIAGNOSTIC
rulers_t/4207nm_T110C_P225mWi_RFon_r2.csv,qc,ruler_t,4207,110,,,0,nan,nan,"not applicable, multi-peak trace",0,,DIAGNOSTIC
rulers_t/4207nm_T110C_P225mWi_RFon_r3.csv,qc,ruler_t,4207,110,,,0,nan,nan,"not applicable, multi-peak trace",0,,DIAGNOSTIC
rulers_t/4207nm_T110C_P225mWi_RFon_r4.csv,qc,ruler_t,4207,110,,,0,nan,nan,"not applicable, multi-peak trace",0,,DIAGNOSTIC
rulers_t/4207nm_T110C_P225mWi_RFon_r5.csv,qc,ruler_t,4207,110,,,0,nan,nan,"not applicable, multi-peak trace",0,,DIAGNOSTIC
rulers_t/4207nm_T70C_P225mWi_RFon_r1.csv,qc,ruler_t,4207,70,,,0,nan,nan,"not applicable, multi-peak trace",0,,DIAGNOSTIC
rulers_t/4207nm_T70C_P225mWi_RFon_r2.csv,qc,ruler_t,4207,70,,,0,nan,nan,"not applicable, multi-peak trace",0,,DIAGNOSTIC
rulers_t/4207nm_T70C_P225mWi_RFon_r3.csv,qc,ruler_t,4207,70,,,0,nan,nan,"not applicable, multi-peak trace",0,,DIAGNOSTIC
rulers_t/4207nm_T70C_P225mWi_RFon_r4.csv,qc,ruler_t,4207,70,,,0,nan,nan,"not applicable, multi-peak trace",0,,DIAGNOSTIC
rulers_t/4207nm_T70C_P225mWi_RFon_r5.csv,qc,ruler_t,4207,70,,,0,nan,nan,"not applicable, multi-peak trace",0,,DIAGNOSTIC
rulers_t/4207nm_T90C_P225mWi_RFon_r1.csv,qc,ruler_t,4207,90,,,0,nan,nan,"not applicable, multi-peak trace",0,,DIAGNOSTIC
rulers_t/4207nm_T90C_P225mWi_RFon_r2.csv,qc,ruler_t,4207,90,,,0,nan,nan,"not applicable, multi-peak trace",0,,DIAGNOSTIC
rulers_t/4207nm_T90C_P225mWi_RFon_r3.csv,qc,ruler_t,4207,90,,,0,nan,nan,"not applicable, multi-peak trace",0,,DIAGNOSTIC
rulers_t/4207nm_T90C_P225mWi_RFon_r4.csv,qc,ruler_t,4207,90,,,0,nan,nan,"not applicable, multi-peak trace",0,,DIAGNOSTIC
rulers_t/4207nm_T90C_P225mWi_RFon_r5.csv,qc,ruler_t,4207,90,,,0,nan,nan,"not applicable, multi-peak trace",0,,DIAGNOSTIC
rulers_t/4207nm_T90C_P225mWi_RFon_r6.csv,qc,ruler_t,4207,90,,,0,nan,nan,"not applicable, multi-peak trace",0,,DIAGNOSTIC
t_sweep/4121nm_T110C_P225mWi_RFoff_r1.csv,qc,t_sweep,4121,110,,,0,nan,nan,,0,,DIAGNOSTIC
t_sweep/4121nm_T110C_P225mWi_RFoff_r2.csv,qc,t_sweep,4121,110,,,0,nan,nan,,0,,DIAGNOSTIC
t_sweep/4121nm_T110C_P225mWi_RFoff_r3.csv,qc,t_sweep,4121,110,,,0,nan,nan,,0,,DIAGNOSTIC
t_sweep/4121nm_T110C_P225mWi_RFoff_r4.csv,qc,t_sweep,4121,110,,,0,nan,nan,,0,,DIAGNOSTIC
t_sweep/4121nm_T110C_P225mWi_RFoff_r5.csv,qc,t_sweep,4121,110,,,0,nan,nan,,0,,DIAGNOSTIC
t_sweep/4121nm_T70C_P225mWi_RFoff_r1.csv,qc,t_sweep,4121,70,,,0,nan,nan,,0,,DIAGNOSTIC
t_sweep/4121nm_T70C_P225mWi_RFoff_r2.csv,qc,t_sweep,4121,70,,,0,nan,nan,,0,,DIAGNOSTIC
t_sweep/4121nm_T70C_P225mWi_RFoff_r3.csv,qc,t_sweep,4121,70,,,0,nan,nan,,0,,DIAGNOSTIC
t_sweep/4121nm_T70C_P225mWi_RFoff_r4.csv,qc,t_sweep,4121,70,,,0,nan,nan,,0,,DIAGNOSTIC
t_sweep/4121nm_T70C_P225mWi_RFoff_r5.csv,qc,t_sweep,4121,70,,,1,-465.5,498.0,"sustained positive residual, upper tail",0,,DIAGNOSTIC
t_sweep/4121nm_T90C_P225mWi_RFoff_r1.csv,qc,t_sweep,4121,90,,,0,nan,nan,,0,,DIAGNOSTIC
t_sweep/4121nm_T90C_P225mWi_RFoff_r2.csv,qc,t_sweep,4121,90,,,0,nan,nan,,0,,DIAGNOSTIC
t_sweep/4121nm_T90C_P225mWi_RFoff_r3.csv,qc,t_sweep,4121,90,,,0,nan,nan,,0,,DIAGNOSTIC
t_sweep/4121nm_T90C_P225mWi_RFoff_r4.csv,qc,t_sweep,4121,90,,,0,nan,nan,,0,,DIAGNOSTIC
t_sweep/4121nm_T90C_P225mWi_RFoff_r5.csv,qc,t_sweep,4121,90,,,0,nan,nan,,0,,DIAGNOSTIC
t_sweep/4154nm_T110C_P225mWi_RFoff_r1.csv,qc,t_sweep,4154,110,,,1,-420.0,544.5,"sustained positive residual, upper tail",0,,DIAGNOSTIC
t_sweep/4154nm_T110C_P225mWi_RFoff_r2.csv,qc,t_sweep,4154,110,,,1,-414.0,533.5,"sustained positive residual, upper tail",0,,DIAGNOSTIC
t_sweep/4154nm_T110C_P225mWi_RFoff_r3.csv,qc,t_sweep,4154,110,,,1,-414.0,549.0,"sustained positive residual, upper tail",0,,DIAGNOSTIC
t_sweep/4154nm_T110C_P225mWi_RFoff_r4.csv,qc,t_sweep,4154,110,,,1,-414.0,526.5,"sustained positive residual, upper tail",0,,DIAGNOSTIC
t_sweep/4154nm_T110C_P225mWi_RFoff_r5.csv,qc,t_sweep,4154,110,,,1,-414.0,525.0,"sustained positive residual, upper tail",0,,DIAGNOSTIC
t_sweep/4154nm_T70C_P225mWi_RFoff_r1.csv,qc,t_sweep,4154,70,,,0,nan,nan,,0,,DIAGNOSTIC
t_sweep/4154nm_T70C_P225mWi_RFoff_r3.csv,qc,t_sweep,4154,70,,,0,nan,nan,,0,,DIAGNOSTIC
t_sweep/4154nm_T70C_P225mWi_RFoff_r4.csv,qc,t_sweep,4154,70,,,1,-445.0,517.5,"sustained positive residual, upper tail",0,,DIAGNOSTIC
discarded/4154nm_T70C_P225mWi_RFoff_r4.csv,qc,t_sweep,4154,70,,,0,nan,nan,,0,,DIAGNOSTIC
t_sweep/4154nm_T70C_P225mWi_RFoff_r5.csv,qc,t_sweep,4154,70,,,0,nan,nan,,0,,DIAGNOSTIC
t_sweep/4154nm_T90C_P225mWi_RFoff_r1.csv,qc,t_sweep,4154,90,,,0,nan,nan,,0,,DIAGNOSTIC
t_sweep/4154nm_T90C_P225mWi_RFoff_r2.csv,qc,t_sweep,4154,90,,,0,nan,nan,,0,,DIAGNOSTIC
t_sweep/4154nm_T90C_P225mWi_RFoff_r3.csv,qc,t_sweep,4154,90,,,0,nan,nan,,0,,DIAGNOSTIC
t_sweep/4154nm_T90C_P225mWi_RFoff_r4.csv,qc,t_sweep,4154,90,,,0,nan,nan,,0,,DIAGNOSTIC
t_sweep/4154nm_T90C_P225mWi_RFoff_r5.csv,qc,t_sweep,4154,90,,,0,nan,nan,,0,,DIAGNOSTIC
t_sweep/4192nm_T110C_P225mWi_RFoff_r1.csv,qc,t_sweep,4192,110,,,0,nan,nan,,0,,DIAGNOSTIC
t_sweep/4192nm_T110C_P225mWi_RFoff_r2.csv,qc,t_sweep,4192,110,,,0,nan,nan,,0,,DIAGNOSTIC
t_sweep/4192nm_T110C_P225mWi_RFoff_r3.csv,qc,t_sweep,4192,110,,,0,nan,nan,,0,,DIAGNOSTIC
t_sweep/4192nm_T110C_P225mWi_RFoff_r4.csv,qc,t_sweep,4192,110,,,0,nan,nan,,0,,DIAGNOSTIC
t_sweep/4192nm_T110C_P225mWi_RFoff_r5.csv,qc,t_sweep,4192,110,,,0,nan,nan,,0,,DIAGNOSTIC
t_sweep/4192nm_T70C_P225mWi_RFoff_r1.csv,qc,t_sweep,4192,70,,,0,nan,nan,,0,,DIAGNOSTIC
t_sweep/4192nm_T70C_P225mWi_RFoff_r2.csv,qc,t_sweep,4192,70,,,0,nan,nan,,0,,DIAGNOSTIC
t_sweep/4192nm_T70C_P225mWi_RFoff_r3.csv,qc,t_sweep,4192,70,,,0,nan,nan,,0,,DIAGNOSTIC
t_sweep/4192nm_T70C_P225mWi_RFoff_r4.csv,qc,t_sweep,4192,70,,,0,nan,nan,,0,,DIAGNOSTIC
t_sweep/4192nm_T70C_P225mWi_RFoff_r5.csv,qc,t_sweep,4192,70,,,0,nan,nan,,0,,DIAGNOSTIC
t_sweep/4192nm_T90C_P225mWi_RFoff_r1.csv,qc,t_sweep,4192,90,,,0,nan,nan,,0,,DIAGNOSTIC
t_sweep/4192nm_T90C_P225mWi_RFoff_r2.csv,qc,t_sweep,4192,90,,,1,-465.5,496.0,"sustained positive residual, upper tail",0,,DIAGNOSTIC
t_sweep/4192nm_T90C_P225mWi_RFoff_r3.csv,qc,t_sweep,4192,90,,,1,-465.5,488.0,"sustained positive residual, upper tail",0,,DIAGNOSTIC
discarded/4192nm_T90C_P225mWi_RFoff_r3.csv,qc,t_sweep,4192,90,,,1,-465.5,491.5,"sustained positive residual, upper tail",0,,DIAGNOSTIC
t_sweep/4192nm_T90C_P225mWi_RFoff_r4.csv,qc,t_sweep,4192,90,,,1,-465.5,496.0,"sustained positive residual, upper tail",0,,DIAGNOSTIC
t_sweep/4192nm_T90C_P225mWi_RFoff_r5.csv,qc,t_sweep,4192,90,,,1,-465.5,488.0,"sustained positive residual, upper tail",0,,DIAGNOSTIC
t_sweep/4207nm_T110C_P225mWi_RFoff_r1.csv,qc,t_sweep,4207,110,,,0,nan,nan,,0,,DIAGNOSTIC
t_sweep/4207nm_T110C_P225mWi_RFoff_r2.csv,qc,t_sweep,4207,110,,,0,nan,nan,,0,,DIAGNOSTIC
t_sweep/4207nm_T110C_P225mWi_RFoff_r3.csv,qc,t_sweep,4207,110,,,0,nan,nan,,0,,DIAGNOSTIC
t_sweep/4207nm_T110C_P225mWi_RFoff_r4.csv,qc,t_sweep,4207,110,,,0,nan,nan,,0,,DIAGNOSTIC
t_sweep/4207nm_T110C_P225mWi_RFoff_r5.csv,qc,t_sweep,4207,110,,,0,nan,nan,,0,,DIAGNOSTIC
t_sweep/4207nm_T70C_P225mWi_RFoff_r1.csv,qc,t_sweep,4207,70,,,0,nan,nan,,0,,DIAGNOSTIC
t_sweep/4207nm_T70C_P225mWi_RFoff_r2.csv,qc,t_sweep,4207,70,,,0,nan,nan,,0,,DIAGNOSTIC
discarded/4207nm_T70C_P225mWi_RFoff_r2.csv,qc,t_sweep,4207,70,,,0,nan,nan,,0,,DIAGNOSTIC
t_sweep/4207nm_T70C_P225mWi_RFoff_r3.csv,qc,t_sweep,4207,70,,,0,nan,nan,,0,,DIAGNOSTIC
t_sweep/4207nm_T70C_P225mWi_RFoff_r4.csv,qc,t_sweep,4207,70,,,0,nan,nan,,0,,DIAGNOSTIC
t_sweep/4207nm_T70C_P225mWi_RFoff_r5.csv,qc,t_sweep,4207,70,,,0,nan,nan,,0,,DIAGNOSTIC
t_sweep/4207nm_T90C_P225mWi_RFoff_r1.csv,qc,t_sweep,4207,90,,,0,nan,nan,,0,,DIAGNOSTIC
t_sweep/4207nm_T90C_P225mWi_RFoff_r2.csv,qc,t_sweep,4207,90,,,0,nan,nan,,0,,DIAGNOSTIC
t_sweep/4207nm_T90C_P225mWi_RFoff_r3.csv,qc,t_sweep,4207,90,,,0,nan,nan,,0,,DIAGNOSTIC
t_sweep/4207nm_T90C_P225mWi_RFoff_r4.csv,qc,t_sweep,4207,90,,,0,nan,nan,,0,,DIAGNOSTIC
t_sweep/4207nm_T90C_P225mWi_RFoff_r5.csv,qc,t_sweep,4207,90,,,0,nan,nan,,0,,DIAGNOSTIC
rulers_p/4121nm_T130C_Punknown_RFon_after_r1.csv,ruler,ruler_p,4121,130,,after,0,nan,nan,,0,,DIAGNOSTIC
rulers_p/4121nm_T130C_Punknown_RFon_after_r2.csv,ruler,ruler_p,4121,130,,after,0,nan,nan,,0,,DIAGNOSTIC
rulers_p/4121nm_T130C_Punknown_RFon_after_r3.csv,ruler,ruler_p,4121,130,,after,0,nan,nan,"refused, trim would reach into the guarded half",0,,DIAGNOSTIC
rulers_p/4121nm_T130C_Punknown_RFon_after_r4.csv,ruler,ruler_p,4121,130,,after,0,nan,nan,,0,,DIAGNOSTIC
rulers_p/4121nm_T130C_Punknown_RFon_after_r5.csv,ruler,ruler_p,4121,130,,after,0,nan,nan,,0,,DIAGNOSTIC
rulers_p/4121nm_T130C_Punknown_RFon_after_r6.csv,ruler,ruler_p,4121,130,,after,0,nan,nan,,0,,DIAGNOSTIC
rulers_p/4121nm_T130C_P225mWi_RFon_before_r1.csv,ruler,ruler_p,4121,130,,before,0,nan,nan,,0,,DIAGNOSTIC
rulers_p/4121nm_T130C_P225mWi_RFon_before_r2.csv,ruler,ruler_p,4121,130,,before,0,nan,nan,,0,,DIAGNOSTIC
rulers_p/4121nm_T130C_P225mWi_RFon_before_r3.csv,ruler,ruler_p,4121,130,,before,0,nan,nan,,0,,DIAGNOSTIC
rulers_p/4121nm_T130C_P225mWi_RFon_before_r4.csv,ruler,ruler_p,4121,130,,before,0,nan,nan,,0,,DIAGNOSTIC
rulers_p/4121nm_T130C_P225mWi_RFon_before_r5.csv,ruler,ruler_p,4121,130,,before,0,nan,nan,,0,,DIAGNOSTIC
rulers_p/4154nm_T130C_Punknown_RFon_after_r1.csv,ruler,ruler_p,4154,130,,after,0,nan,nan,,0,,DIAGNOSTIC
rulers_p/4154nm_T130C_Punknown_RFon_after_r2.csv,ruler,ruler_p,4154,130,,after,0,nan,nan,,0,,DIAGNOSTIC
rulers_p/4154nm_T130C_Punknown_RFon_after_r3.csv,ruler,ruler_p,4154,130,,after,0,nan,nan,,0,,DIAGNOSTIC
rulers_p/4154nm_T130C_Punknown_RFon_after_r4.csv,ruler,ruler_p,4154,130,,after,0,nan,nan,,0,,DIAGNOSTIC
rulers_p/4154nm_T130C_Punknown_RFon_after_r5.csv,ruler,ruler_p,4154,130,,after,0,nan,nan,,0,,DIAGNOSTIC
rulers_p/4154nm_T130C_P225mWi_RFon_before_r1.csv,ruler,ruler_p,4154,130,,before,0,nan,nan,,0,,DIAGNOSTIC
rulers_p/4154nm_T130C_P225mWi_RFon_before_r2.csv,ruler,ruler_p,4154,130,,before,0,nan,nan,,0,,DIAGNOSTIC
rulers_p/4154nm_T130C_P225mWi_RFon_before_r3.csv,ruler,ruler_p,4154,130,,before,0,nan,nan,,0,,DIAGNOSTIC
rulers_p/4154nm_T130C_P225mWi_RFon_before_r4.csv,ruler,ruler_p,4154,130,,before,0,nan,nan,,0,,DIAGNOSTIC
rulers_p/4154nm_T130C_P225mWi_RFon_before_r5.csv,ruler,ruler_p,4154,130,,before,0,nan,nan,,0,,DIAGNOSTIC
rulers_p/4154nm_T130C_P225mWi_RFon_before_r6.csv,ruler,ruler_p,4154,130,,before,0,nan,nan,,0,,DIAGNOSTIC
rulers_p/4154nm_T130C_P225mWi_RFon_before_r7.csv,ruler,ruler_p,4154,130,,before,0,nan,nan,,0,,DIAGNOSTIC
rulers_p/4192nm_T130C_Punknown_RFon_after_r1.csv,ruler,ruler_p,4192,130,,after,0,nan,nan,,0,,DIAGNOSTIC
rulers_p/4192nm_T130C_Punknown_RFon_after_r2.csv,ruler,ruler_p,4192,130,,after,0,nan,nan,,0,,DIAGNOSTIC
rulers_p/4192nm_T130C_Punknown_RFon_after_r3.csv,ruler,ruler_p,4192,130,,after,0,nan,nan,,0,,DIAGNOSTIC
rulers_p/4192nm_T130C_Punknown_RFon_after_r5.csv,ruler,ruler_p,4192,130,,after,0,nan,nan,,0,,DIAGNOSTIC
rulers_p/4192nm_T130C_Punknown_RFon_after_r6.csv,ruler,ruler_p,4192,130,,after,0,nan,nan,,0,,DIAGNOSTIC
rulers_p/4192nm_T130C_P225mWi_RFon_before_r1.csv,ruler,ruler_p,4192,130,,before,0,nan,nan,,0,,DIAGNOSTIC
rulers_p/4192nm_T130C_P225mWi_RFon_before_r2.csv,ruler,ruler_p,4192,130,,before,0,nan,nan,,0,,DIAGNOSTIC
rulers_p/4192nm_T130C_P225mWi_RFon_before_r3.csv,ruler,ruler_p,4192,130,,before,0,nan,nan,,0,,DIAGNOSTIC
rulers_p/4192nm_T130C_P225mWi_RFon_before_r4.csv,ruler,ruler_p,4192,130,,before,0,nan,nan,,0,,DIAGNOSTIC
rulers_p/4192nm_T130C_P225mWi_RFon_before_r5.csv,ruler,ruler_p,4192,130,,before,0,nan,nan,,0,,DIAGNOSTIC
rulers_p/4192nm_T130C_P225mWi_RFon_before_r6.csv,ruler,ruler_p,4192,130,,before,0,nan,nan,,0,,DIAGNOSTIC
rulers_p/4207nm_T130C_Punknown_RFon_after_r1.csv,ruler,ruler_p,4207,130,,after,0,nan,nan,,0,,DIAGNOSTIC
rulers_p/4207nm_T130C_Punknown_RFon_after_r2.csv,ruler,ruler_p,4207,130,,after,0,nan,nan,,0,,DIAGNOSTIC
rulers_p/4207nm_T130C_Punknown_RFon_after_r3.csv,ruler,ruler_p,4207,130,,after,0,nan,nan,,0,,DIAGNOSTIC
rulers_p/4207nm_T130C_Punknown_RFon_after_r4.csv,ruler,ruler_p,4207,130,,after,0,nan,nan,,0,,DIAGNOSTIC
rulers_p/4207nm_T130C_Punknown_RFon_after_r5.csv,ruler,ruler_p,4207,130,,after,0,nan,nan,,0,,DIAGNOSTIC
rulers_p/4207nm_T130C_P225mWi_RFon_before_r1.csv,ruler,ruler_p,4207,130,,before,0,nan,nan,,0,,DIAGNOSTIC
rulers_p/4207nm_T130C_P225mWi_RFon_before_r2.csv,ruler,ruler_p,4207,130,,before,0,nan,nan,,0,,DIAGNOSTIC
rulers_p/4207nm_T130C_P225mWi_RFon_before_r3.csv,ruler,ruler_p,4207,130,,before,0,nan,nan,,0,,DIAGNOSTIC
rulers_p/4207nm_T130C_P225mWi_RFon_before_r4.csv,ruler,ruler_p,4207,130,,before,0,nan,nan,,0,,DIAGNOSTIC
rulers_p/4207nm_T130C_P225mWi_RFon_before_r5.csv,ruler,ruler_p,4207,130,,before,0,nan,nan,,0,,DIAGNOSTIC
rulers_t/4121nm_T110C_P225mWi_RFon_r1.csv,ruler,ruler_t,4121,110,,,0,nan,nan,,0,,DIAGNOSTIC
rulers_t/4121nm_T110C_P225mWi_RFon_r2.csv,ruler,ruler_t,4121,110,,,0,nan,nan,,0,,DIAGNOSTIC
rulers_t/4121nm_T110C_P225mWi_RFon_r3.csv,ruler,ruler_t,4121,110,,,0,nan,nan,,0,,DIAGNOSTIC
rulers_t/4121nm_T110C_P225mWi_RFon_r4.csv,ruler,ruler_t,4121,110,,,0,nan,nan,,0,,DIAGNOSTIC
rulers_t/4121nm_T110C_P225mWi_RFon_r5.csv,ruler,ruler_t,4121,110,,,0,nan,nan,,0,,DIAGNOSTIC
rulers_t/4121nm_T70C_P225mWi_RFon_r1.csv,ruler,ruler_t,4121,70,,,0,nan,nan,,0,,DIAGNOSTIC
rulers_t/4121nm_T70C_P225mWi_RFon_r2.csv,ruler,ruler_t,4121,70,,,0,nan,nan,,0,,DIAGNOSTIC
rulers_t/4121nm_T70C_P225mWi_RFon_r3.csv,ruler,ruler_t,4121,70,,,0,nan,nan,,0,,DIAGNOSTIC
rulers_t/4121nm_T70C_P225mWi_RFon_r4.csv,ruler,ruler_t,4121,70,,,0,nan,nan,,0,,DIAGNOSTIC
rulers_t/4121nm_T70C_P225mWi_RFon_r5.csv,ruler,ruler_t,4121,70,,,0,nan,nan,,0,,DIAGNOSTIC
rulers_t/4121nm_T90C_P225mWi_RFon_r1.csv,ruler,ruler_t,4121,90,,,0,nan,nan,,0,,DIAGNOSTIC
rulers_t/4121nm_T90C_P225mWi_RFon_r2.csv,ruler,ruler_t,4121,90,,,0,nan,nan,,0,,DIAGNOSTIC
rulers_t/4121nm_T90C_P225mWi_RFon_r3.csv,ruler,ruler_t,4121,90,,,0,nan,nan,,0,,DIAGNOSTIC
rulers_t/4121nm_T90C_P225mWi_RFon_r4.csv,ruler,ruler_t,4121,90,,,0,nan,nan,,0,,DIAGNOSTIC
rulers_t/4121nm_T90C_P225mWi_RFon_r5.csv,ruler,ruler_t,4121,90,,,0,nan,nan,,0,,DIAGNOSTIC
rulers_t/4154nm_T110C_P225mWi_RFon_r1.csv,ruler,ruler_t,4154,110,,,0,nan,nan,,0,,DIAGNOSTIC
rulers_t/4154nm_T110C_P225mWi_RFon_r2.csv,ruler,ruler_t,4154,110,,,0,nan,nan,,0,,DIAGNOSTIC
rulers_t/4154nm_T110C_P225mWi_RFon_r3.csv,ruler,ruler_t,4154,110,,,0,nan,nan,,0,,DIAGNOSTIC
rulers_t/4154nm_T110C_P225mWi_RFon_r4.csv,ruler,ruler_t,4154,110,,,0,nan,nan,,0,,DIAGNOSTIC
rulers_t/4154nm_T110C_P225mWi_RFon_r5.csv,ruler,ruler_t,4154,110,,,0,nan,nan,,0,,DIAGNOSTIC
rulers_t/4154nm_T70C_P225mWi_RFon_r1.csv,ruler,ruler_t,4154,70,,,0,nan,nan,,0,,DIAGNOSTIC
rulers_t/4154nm_T70C_P225mWi_RFon_r2.csv,ruler,ruler_t,4154,70,,,0,nan,nan,,0,,DIAGNOSTIC
rulers_t/4154nm_T70C_P225mWi_RFon_r3.csv,ruler,ruler_t,4154,70,,,0,nan,nan,,0,,DIAGNOSTIC
rulers_t/4154nm_T70C_P225mWi_RFon_r4.csv,ruler,ruler_t,4154,70,,,0,nan,nan,,0,,DIAGNOSTIC
rulers_t/4154nm_T70C_P225mWi_RFon_r5.csv,ruler,ruler_t,4154,70,,,0,nan,nan,,0,,DIAGNOSTIC
rulers_t/4154nm_T90C_P225mWi_RFon_r1.csv,ruler,ruler_t,4154,90,,,0,nan,nan,,0,,DIAGNOSTIC
rulers_t/4154nm_T90C_P225mWi_RFon_r2.csv,ruler,ruler_t,4154,90,,,0,nan,nan,,0,,DIAGNOSTIC
rulers_t/4154nm_T90C_P225mWi_RFon_r3.csv,ruler,ruler_t,4154,90,,,0,nan,nan,,0,,DIAGNOSTIC
rulers_t/4154nm_T90C_P225mWi_RFon_r4.csv,ruler,ruler_t,4154,90,,,0,nan,nan,,0,,DIAGNOSTIC
rulers_t/4154nm_T90C_P225mWi_RFon_r5.csv,ruler,ruler_t,4154,90,,,0,nan,nan,,0,,DIAGNOSTIC
rulers_t/4192nm_T110C_P225mWi_RFon_r1.csv,ruler,ruler_t,4192,110,,,0,nan,nan,,0,,DIAGNOSTIC
rulers_t/4192nm_T110C_P225mWi_RFon_r2.csv,ruler,ruler_t,4192,110,,,0,nan,nan,,0,,DIAGNOSTIC
rulers_t/4192nm_T110C_P225mWi_RFon_r3.csv,ruler,ruler_t,4192,110,,,0,nan,nan,,0,,DIAGNOSTIC
rulers_t/4192nm_T110C_P225mWi_RFon_r4.csv,ruler,ruler_t,4192,110,,,0,nan,nan,,0,,DIAGNOSTIC
rulers_t/4192nm_T110C_P225mWi_RFon_r5.csv,ruler,ruler_t,4192,110,,,0,nan,nan,,0,,DIAGNOSTIC
rulers_t/4192nm_T70C_P225mWi_RFon_r1.csv,ruler,ruler_t,4192,70,,,0,nan,nan,,0,,DIAGNOSTIC
rulers_t/4192nm_T70C_P225mWi_RFon_r2.csv,ruler,ruler_t,4192,70,,,0,nan,nan,,0,,DIAGNOSTIC
rulers_t/4192nm_T70C_P225mWi_RFon_r4.csv,ruler,ruler_t,4192,70,,,0,nan,nan,,0,,DIAGNOSTIC
rulers_t/4192nm_T70C_P225mWi_RFon_r5.csv,ruler,ruler_t,4192,70,,,0,nan,nan,,0,,DIAGNOSTIC
rulers_t/4192nm_T90C_P225mWi_RFon_r1.csv,ruler,ruler_t,4192,90,,,0,nan,nan,,0,,DIAGNOSTIC
rulers_t/4192nm_T90C_P225mWi_RFon_r2.csv,ruler,ruler_t,4192,90,,,0,nan,nan,,0,,DIAGNOSTIC
rulers_t/4192nm_T90C_P225mWi_RFon_r3.csv,ruler,ruler_t,4192,90,,,0,nan,nan,,0,,DIAGNOSTIC
rulers_t/4192nm_T90C_P225mWi_RFon_r5.csv,ruler,ruler_t,4192,90,,,0,nan,nan,"refused, trim would reach into the guarded half",0,,DIAGNOSTIC
rulers_t/4192nm_T90C_P225mWi_RFon_r6.csv,ruler,ruler_t,4192,90,,,0,nan,nan,,0,,DIAGNOSTIC
rulers_t/4207nm_T110C_P225mWi_RFon_r1.csv,ruler,ruler_t,4207,110,,,0,nan,nan,,0,,DIAGNOSTIC
rulers_t/4207nm_T110C_P225mWi_RFon_r2.csv,ruler,ruler_t,4207,110,,,0,nan,nan,,0,,DIAGNOSTIC
rulers_t/4207nm_T110C_P225mWi_RFon_r3.csv,ruler,ruler_t,4207,110,,,0,nan,nan,,0,,DIAGNOSTIC
rulers_t/4207nm_T110C_P225mWi_RFon_r4.csv,ruler,ruler_t,4207,110,,,0,nan,nan,,0,,DIAGNOSTIC
rulers_t/4207nm_T110C_P225mWi_RFon_r5.csv,ruler,ruler_t,4207,110,,,1,-440.5,527.5,"sustained positive residual, lower tail",0,,DIAGNOSTIC
rulers_t/4207nm_T70C_P225mWi_RFon_r1.csv,ruler,ruler_t,4207,70,,,0,nan,nan,,0,,DIAGNOSTIC
rulers_t/4207nm_T70C_P225mWi_RFon_r2.csv,ruler,ruler_t,4207,70,,,0,nan,nan,,0,,DIAGNOSTIC
rulers_t/4207nm_T70C_P225mWi_RFon_r3.csv,ruler,ruler_t,4207,70,,,0,nan,nan,,0,,DIAGNOSTIC
rulers_t/4207nm_T70C_P225mWi_RFon_r4.csv,ruler,ruler_t,4207,70,,,0,nan,nan,,0,,DIAGNOSTIC
rulers_t/4207nm_T70C_P225mWi_RFon_r5.csv,ruler,ruler_t,4207,70,,,0,nan,nan,,0,,DIAGNOSTIC
rulers_t/4207nm_T90C_P225mWi_RFon_r1.csv,ruler,ruler_t,4207,90,,,0,nan,nan,,0,,DIAGNOSTIC
rulers_t/4207nm_T90C_P225mWi_RFon_r2.csv,ruler,ruler_t,4207,90,,,0,nan,nan,,0,,DIAGNOSTIC
rulers_t/4207nm_T90C_P225mWi_RFon_r3.csv,ruler,ruler_t,4207,90,,,0,nan,nan,,0,,DIAGNOSTIC
rulers_t/4207nm_T90C_P225mWi_RFon_r4.csv,ruler,ruler_t,4207,90,,,0,nan,nan,,0,,DIAGNOSTIC
rulers_t/4207nm_T90C_P225mWi_RFon_r5.csv,ruler,ruler_t,4207,90,,,0,nan,nan,,0,,DIAGNOSTIC
rulers_t/4207nm_T90C_P225mWi_RFon_r6.csv,ruler,ruler_t,4207,90,,,1,-335.5,642.5,"sustained positive residual, upper tail",0,,DIAGNOSTIC
p_sweep/4121nm_T130C_P125mW_RFoff_r1.csv,linefit,p_sweep,4121,130,125,,,,,per-trace record not persisted by run_linefit.py,0,,DIAGNOSTIC
p_sweep/4121nm_T130C_P125mW_RFoff_r2.csv,linefit,p_sweep,4121,130,125,,,,,per-trace record not persisted by run_linefit.py,0,,DIAGNOSTIC
p_sweep/4121nm_T130C_P125mW_RFoff_r3.csv,linefit,p_sweep,4121,130,125,,,,,per-trace record not persisted by run_linefit.py,0,,DIAGNOSTIC
p_sweep/4121nm_T130C_P125mW_RFoff_r4.csv,linefit,p_sweep,4121,130,125,,,,,per-trace record not persisted by run_linefit.py,0,,DIAGNOSTIC
p_sweep/4121nm_T130C_P125mW_RFoff_r5.csv,linefit,p_sweep,4121,130,125,,,,,per-trace record not persisted by run_linefit.py,0,,DIAGNOSTIC
p_sweep/4121nm_T130C_P175mW_RFoff_r1.csv,linefit,p_sweep,4121,130,175,,,,,per-trace record not persisted by run_linefit.py,0,,DIAGNOSTIC
p_sweep/4121nm_T130C_P175mW_RFoff_r2.csv,linefit,p_sweep,4121,130,175,,,,,per-trace record not persisted by run_linefit.py,0,,DIAGNOSTIC
p_sweep/4121nm_T130C_P175mW_RFoff_r3.csv,linefit,p_sweep,4121,130,175,,,,,per-trace record not persisted by run_linefit.py,0,,DIAGNOSTIC
p_sweep/4121nm_T130C_P175mW_RFoff_r4.csv,linefit,p_sweep,4121,130,175,,,,,per-trace record not persisted by run_linefit.py,0,,DIAGNOSTIC
p_sweep/4121nm_T130C_P175mW_RFoff_r5.csv,linefit,p_sweep,4121,130,175,,,,,per-trace record not persisted by run_linefit.py,0,,DIAGNOSTIC
p_sweep/4121nm_T130C_P225mW_RFoff_r1.csv,linefit,p_sweep,4121,130,225,,,,,per-trace record not persisted by run_linefit.py,0,,DIAGNOSTIC
p_sweep/4121nm_T130C_P225mW_RFoff_r2.csv,linefit,p_sweep,4121,130,225,,,,,per-trace record not persisted by run_linefit.py,0,,DIAGNOSTIC
p_sweep/4121nm_T130C_P225mW_RFoff_r3.csv,linefit,p_sweep,4121,130,225,,,,,per-trace record not persisted by run_linefit.py,0,,DIAGNOSTIC
p_sweep/4121nm_T130C_P225mW_RFoff_r4.csv,linefit,p_sweep,4121,130,225,,,,,per-trace record not persisted by run_linefit.py,0,,DIAGNOSTIC
p_sweep/4121nm_T130C_P225mW_RFoff_r5.csv,linefit,p_sweep,4121,130,225,,,,,per-trace record not persisted by run_linefit.py,0,,DIAGNOSTIC
p_sweep/4121nm_T130C_P25mW_RFoff_r1.csv,linefit,p_sweep,4121,130,25,,,,,per-trace record not persisted by run_linefit.py,0,,DIAGNOSTIC
p_sweep/4121nm_T130C_P25mW_RFoff_r2.csv,linefit,p_sweep,4121,130,25,,,,,per-trace record not persisted by run_linefit.py,0,,DIAGNOSTIC
p_sweep/4121nm_T130C_P25mW_RFoff_r3.csv,linefit,p_sweep,4121,130,25,,,,,per-trace record not persisted by run_linefit.py,0,,DIAGNOSTIC
p_sweep/4121nm_T130C_P25mW_RFoff_r4.csv,linefit,p_sweep,4121,130,25,,,,,per-trace record not persisted by run_linefit.py,0,,DIAGNOSTIC
p_sweep/4121nm_T130C_P25mW_RFoff_r5.csv,linefit,p_sweep,4121,130,25,,,,,per-trace record not persisted by run_linefit.py,0,,DIAGNOSTIC
p_sweep/4121nm_T130C_P75mW_RFoff_r1.csv,linefit,p_sweep,4121,130,75,,,,,per-trace record not persisted by run_linefit.py,0,,DIAGNOSTIC
p_sweep/4121nm_T130C_P75mW_RFoff_r2.csv,linefit,p_sweep,4121,130,75,,,,,per-trace record not persisted by run_linefit.py,0,,DIAGNOSTIC
p_sweep/4121nm_T130C_P75mW_RFoff_r3.csv,linefit,p_sweep,4121,130,75,,,,,per-trace record not persisted by run_linefit.py,0,,DIAGNOSTIC
p_sweep/4121nm_T130C_P75mW_RFoff_r4.csv,linefit,p_sweep,4121,130,75,,,,,per-trace record not persisted by run_linefit.py,0,,DIAGNOSTIC
p_sweep/4121nm_T130C_P75mW_RFoff_r5.csv,linefit,p_sweep,4121,130,75,,,,,per-trace record not persisted by run_linefit.py,0,,DIAGNOSTIC
p_sweep/4154nm_T130C_P125mW_RFoff_r1.csv,linefit,p_sweep,4154,130,125,,,,,per-trace record not persisted by run_linefit.py,0,,DIAGNOSTIC
p_sweep/4154nm_T130C_P125mW_RFoff_r2.csv,linefit,p_sweep,4154,130,125,,,,,per-trace record not persisted by run_linefit.py,0,,DIAGNOSTIC
p_sweep/4154nm_T130C_P125mW_RFoff_r3.csv,linefit,p_sweep,4154,130,125,,,,,per-trace record not persisted by run_linefit.py,0,,DIAGNOSTIC
p_sweep/4154nm_T130C_P125mW_RFoff_r4.csv,linefit,p_sweep,4154,130,125,,,,,per-trace record not persisted by run_linefit.py,0,,DIAGNOSTIC
p_sweep/4154nm_T130C_P125mW_RFoff_r5.csv,linefit,p_sweep,4154,130,125,,,,,per-trace record not persisted by run_linefit.py,0,,DIAGNOSTIC
p_sweep/4154nm_T130C_P175mW_RFoff_r1.csv,linefit,p_sweep,4154,130,175,,,,,per-trace record not persisted by run_linefit.py,0,,DIAGNOSTIC
p_sweep/4154nm_T130C_P175mW_RFoff_r2.csv,linefit,p_sweep,4154,130,175,,,,,per-trace record not persisted by run_linefit.py,0,,DIAGNOSTIC
p_sweep/4154nm_T130C_P175mW_RFoff_r3.csv,linefit,p_sweep,4154,130,175,,,,,per-trace record not persisted by run_linefit.py,0,,DIAGNOSTIC
p_sweep/4154nm_T130C_P175mW_RFoff_r4.csv,linefit,p_sweep,4154,130,175,,,,,per-trace record not persisted by run_linefit.py,0,,DIAGNOSTIC
p_sweep/4154nm_T130C_P175mW_RFoff_r5.csv,linefit,p_sweep,4154,130,175,,,,,per-trace record not persisted by run_linefit.py,0,,DIAGNOSTIC
p_sweep/4154nm_T130C_P225mW_RFoff_r1.csv,linefit,p_sweep,4154,130,225,,,,,per-trace record not persisted by run_linefit.py,0,,DIAGNOSTIC
p_sweep/4154nm_T130C_P225mW_RFoff_r2.csv,linefit,p_sweep,4154,130,225,,,,,per-trace record not persisted by run_linefit.py,0,,DIAGNOSTIC
p_sweep/4154nm_T130C_P225mW_RFoff_r3.csv,linefit,p_sweep,4154,130,225,,,,,per-trace record not persisted by run_linefit.py,0,,DIAGNOSTIC
p_sweep/4154nm_T130C_P225mW_RFoff_r4.csv,linefit,p_sweep,4154,130,225,,,,,per-trace record not persisted by run_linefit.py,0,,DIAGNOSTIC
p_sweep/4154nm_T130C_P225mW_RFoff_r5.csv,linefit,p_sweep,4154,130,225,,,,,per-trace record not persisted by run_linefit.py,0,,DIAGNOSTIC
p_sweep/4154nm_T130C_P25mW_RFoff_r1.csv,linefit,p_sweep,4154,130,25,,,,,per-trace record not persisted by run_linefit.py,0,,DIAGNOSTIC
p_sweep/4154nm_T130C_P25mW_RFoff_r2.csv,linefit,p_sweep,4154,130,25,,,,,per-trace record not persisted by run_linefit.py,0,,DIAGNOSTIC
p_sweep/4154nm_T130C_P25mW_RFoff_r3.csv,linefit,p_sweep,4154,130,25,,,,,per-trace record not persisted by run_linefit.py,0,,DIAGNOSTIC
p_sweep/4154nm_T130C_P25mW_RFoff_r4.csv,linefit,p_sweep,4154,130,25,,,,,per-trace record not persisted by run_linefit.py,0,,DIAGNOSTIC
p_sweep/4154nm_T130C_P25mW_RFoff_r5.csv,linefit,p_sweep,4154,130,25,,,,,per-trace record not persisted by run_linefit.py,0,,DIAGNOSTIC
p_sweep/4154nm_T130C_P75mW_RFoff_r1.csv,linefit,p_sweep,4154,130,75,,,,,per-trace record not persisted by run_linefit.py,0,,DIAGNOSTIC
p_sweep/4154nm_T130C_P75mW_RFoff_r2.csv,linefit,p_sweep,4154,130,75,,,,,per-trace record not persisted by run_linefit.py,0,,DIAGNOSTIC
p_sweep/4154nm_T130C_P75mW_RFoff_r3.csv,linefit,p_sweep,4154,130,75,,,,,per-trace record not persisted by run_linefit.py,0,,DIAGNOSTIC
p_sweep/4154nm_T130C_P75mW_RFoff_r4.csv,linefit,p_sweep,4154,130,75,,,,,per-trace record not persisted by run_linefit.py,0,,DIAGNOSTIC
p_sweep/4154nm_T130C_P75mW_RFoff_r5.csv,linefit,p_sweep,4154,130,75,,,,,per-trace record not persisted by run_linefit.py,0,,DIAGNOSTIC
p_sweep/4192nm_T130C_P125mW_RFoff_r1.csv,linefit,p_sweep,4192,130,125,,,,,per-trace record not persisted by run_linefit.py,0,,DIAGNOSTIC
p_sweep/4192nm_T130C_P125mW_RFoff_r2.csv,linefit,p_sweep,4192,130,125,,,,,per-trace record not persisted by run_linefit.py,0,,DIAGNOSTIC
p_sweep/4192nm_T130C_P125mW_RFoff_r3.csv,linefit,p_sweep,4192,130,125,,,,,per-trace record not persisted by run_linefit.py,0,,DIAGNOSTIC
p_sweep/4192nm_T130C_P125mW_RFoff_r4.csv,linefit,p_sweep,4192,130,125,,,,,per-trace record not persisted by run_linefit.py,0,,DIAGNOSTIC
p_sweep/4192nm_T130C_P125mW_RFoff_r5.csv,linefit,p_sweep,4192,130,125,,,,,per-trace record not persisted by run_linefit.py,0,,DIAGNOSTIC
p_sweep/4192nm_T130C_P175mW_RFoff_r1.csv,linefit,p_sweep,4192,130,175,,,,,per-trace record not persisted by run_linefit.py,0,,DIAGNOSTIC
p_sweep/4192nm_T130C_P175mW_RFoff_r2.csv,linefit,p_sweep,4192,130,175,,,,,per-trace record not persisted by run_linefit.py,0,,DIAGNOSTIC
p_sweep/4192nm_T130C_P175mW_RFoff_r3.csv,linefit,p_sweep,4192,130,175,,,,,per-trace record not persisted by run_linefit.py,0,,DIAGNOSTIC
p_sweep/4192nm_T130C_P175mW_RFoff_r4.csv,linefit,p_sweep,4192,130,175,,,,,per-trace record not persisted by run_linefit.py,0,,DIAGNOSTIC
p_sweep/4192nm_T130C_P175mW_RFoff_r5.csv,linefit,p_sweep,4192,130,175,,,,,per-trace record not persisted by run_linefit.py,0,,DIAGNOSTIC
p_sweep/4192nm_T130C_P225mW_RFoff_r1.csv,linefit,p_sweep,4192,130,225,,,,,per-trace record not persisted by run_linefit.py,0,,DIAGNOSTIC
p_sweep/4192nm_T130C_P225mW_RFoff_r2.csv,linefit,p_sweep,4192,130,225,,,,,per-trace record not persisted by run_linefit.py,0,,DIAGNOSTIC
p_sweep/4192nm_T130C_P225mW_RFoff_r3.csv,linefit,p_sweep,4192,130,225,,,,,per-trace record not persisted by run_linefit.py,0,,DIAGNOSTIC
p_sweep/4192nm_T130C_P225mW_RFoff_r4.csv,linefit,p_sweep,4192,130,225,,,,,per-trace record not persisted by run_linefit.py,0,,DIAGNOSTIC
p_sweep/4192nm_T130C_P225mW_RFoff_r5.csv,linefit,p_sweep,4192,130,225,,,,,per-trace record not persisted by run_linefit.py,0,,DIAGNOSTIC
p_sweep/4192nm_T130C_P25mW_RFoff_r1.csv,linefit,p_sweep,4192,130,25,,,,,per-trace record not persisted by run_linefit.py,0,,DIAGNOSTIC
p_sweep/4192nm_T130C_P25mW_RFoff_r2.csv,linefit,p_sweep,4192,130,25,,,,,per-trace record not persisted by run_linefit.py,0,,DIAGNOSTIC
p_sweep/4192nm_T130C_P25mW_RFoff_r3.csv,linefit,p_sweep,4192,130,25,,,,,per-trace record not persisted by run_linefit.py,0,,DIAGNOSTIC
p_sweep/4192nm_T130C_P25mW_RFoff_r4.csv,linefit,p_sweep,4192,130,25,,,,,per-trace record not persisted by run_linefit.py,0,,DIAGNOSTIC
p_sweep/4192nm_T130C_P25mW_RFoff_r5.csv,linefit,p_sweep,4192,130,25,,,,,per-trace record not persisted by run_linefit.py,0,,DIAGNOSTIC
p_sweep/4192nm_T130C_P75mW_RFoff_r1.csv,linefit,p_sweep,4192,130,75,,,,,per-trace record not persisted by run_linefit.py,0,,DIAGNOSTIC
p_sweep/4192nm_T130C_P75mW_RFoff_r2.csv,linefit,p_sweep,4192,130,75,,,,,per-trace record not persisted by run_linefit.py,0,,DIAGNOSTIC
p_sweep/4192nm_T130C_P75mW_RFoff_r3.csv,linefit,p_sweep,4192,130,75,,,,,per-trace record not persisted by run_linefit.py,0,,DIAGNOSTIC
p_sweep/4192nm_T130C_P75mW_RFoff_r4.csv,linefit,p_sweep,4192,130,75,,,,,per-trace record not persisted by run_linefit.py,0,,DIAGNOSTIC
p_sweep/4192nm_T130C_P75mW_RFoff_r5.csv,linefit,p_sweep,4192,130,75,,,,,per-trace record not persisted by run_linefit.py,0,,DIAGNOSTIC
p_sweep/4207nm_T130C_P125mW_RFoff_r1.csv,linefit,p_sweep,4207,130,125,,,,,per-trace record not persisted by run_linefit.py,0,,DIAGNOSTIC
p_sweep/4207nm_T130C_P125mW_RFoff_r2.csv,linefit,p_sweep,4207,130,125,,,,,per-trace record not persisted by run_linefit.py,0,,DIAGNOSTIC
p_sweep/4207nm_T130C_P125mW_RFoff_r3.csv,linefit,p_sweep,4207,130,125,,,,,per-trace record not persisted by run_linefit.py,0,,DIAGNOSTIC
p_sweep/4207nm_T130C_P125mW_RFoff_r4.csv,linefit,p_sweep,4207,130,125,,,,,per-trace record not persisted by run_linefit.py,0,,DIAGNOSTIC
p_sweep/4207nm_T130C_P125mW_RFoff_r5.csv,linefit,p_sweep,4207,130,125,,,,,per-trace record not persisted by run_linefit.py,0,,DIAGNOSTIC
p_sweep/4207nm_T130C_P175mW_RFoff_r1.csv,linefit,p_sweep,4207,130,175,,,,,per-trace record not persisted by run_linefit.py,0,,DIAGNOSTIC
p_sweep/4207nm_T130C_P175mW_RFoff_r2.csv,linefit,p_sweep,4207,130,175,,,,,per-trace record not persisted by run_linefit.py,0,,DIAGNOSTIC
p_sweep/4207nm_T130C_P175mW_RFoff_r3.csv,linefit,p_sweep,4207,130,175,,,,,per-trace record not persisted by run_linefit.py,0,,DIAGNOSTIC
p_sweep/4207nm_T130C_P175mW_RFoff_r4.csv,linefit,p_sweep,4207,130,175,,,,,per-trace record not persisted by run_linefit.py,0,,DIAGNOSTIC
p_sweep/4207nm_T130C_P175mW_RFoff_r5.csv,linefit,p_sweep,4207,130,175,,,,,per-trace record not persisted by run_linefit.py,0,,DIAGNOSTIC
p_sweep/4207nm_T130C_P225mW_RFoff_r1.csv,linefit,p_sweep,4207,130,225,,,,,per-trace record not persisted by run_linefit.py,0,,DIAGNOSTIC
p_sweep/4207nm_T130C_P225mW_RFoff_r2.csv,linefit,p_sweep,4207,130,225,,,,,per-trace record not persisted by run_linefit.py,0,,DIAGNOSTIC
p_sweep/4207nm_T130C_P225mW_RFoff_r3.csv,linefit,p_sweep,4207,130,225,,,,,per-trace record not persisted by run_linefit.py,0,,DIAGNOSTIC
p_sweep/4207nm_T130C_P225mW_RFoff_r4.csv,linefit,p_sweep,4207,130,225,,,,,per-trace record not persisted by run_linefit.py,0,,DIAGNOSTIC
p_sweep/4207nm_T130C_P225mW_RFoff_r5.csv,linefit,p_sweep,4207,130,225,,,,,per-trace record not persisted by run_linefit.py,0,,DIAGNOSTIC
p_sweep/4207nm_T130C_P25mW_RFoff_r1.csv,linefit,p_sweep,4207,130,25,,,,,per-trace record not persisted by run_linefit.py,0,,DIAGNOSTIC
p_sweep/4207nm_T130C_P25mW_RFoff_r2.csv,linefit,p_sweep,4207,130,25,,,,,per-trace record not persisted by run_linefit.py,0,,DIAGNOSTIC
p_sweep/4207nm_T130C_P25mW_RFoff_r3.csv,linefit,p_sweep,4207,130,25,,,,,per-trace record not persisted by run_linefit.py,0,,DIAGNOSTIC
p_sweep/4207nm_T130C_P25mW_RFoff_r4.csv,linefit,p_sweep,4207,130,25,,,,,per-trace record not persisted by run_linefit.py,0,,DIAGNOSTIC
p_sweep/4207nm_T130C_P25mW_RFoff_r5.csv,linefit,p_sweep,4207,130,25,,,,,per-trace record not persisted by run_linefit.py,0,,DIAGNOSTIC
p_sweep/4207nm_T130C_P75mW_RFoff_r1.csv,linefit,p_sweep,4207,130,75,,,,,per-trace record not persisted by run_linefit.py,0,,DIAGNOSTIC
p_sweep/4207nm_T130C_P75mW_RFoff_r2.csv,linefit,p_sweep,4207,130,75,,,,,per-trace record not persisted by run_linefit.py,0,,DIAGNOSTIC
p_sweep/4207nm_T130C_P75mW_RFoff_r3.csv,linefit,p_sweep,4207,130,75,,,,,per-trace record not persisted by run_linefit.py,0,,DIAGNOSTIC
p_sweep/4207nm_T130C_P75mW_RFoff_r4.csv,linefit,p_sweep,4207,130,75,,,,,per-trace record not persisted by run_linefit.py,0,,DIAGNOSTIC
p_sweep/4207nm_T130C_P75mW_RFoff_r5.csv,linefit,p_sweep,4207,130,75,,,,,per-trace record not persisted by run_linefit.py,0,,DIAGNOSTIC
t_sweep/4121nm_T110C_P225mWi_RFoff_r1.csv,linefit,t_sweep,4121,110,,,,,,per-trace record not persisted by run_linefit.py,0,,DIAGNOSTIC
t_sweep/4121nm_T110C_P225mWi_RFoff_r2.csv,linefit,t_sweep,4121,110,,,,,,per-trace record not persisted by run_linefit.py,0,,DIAGNOSTIC
t_sweep/4121nm_T110C_P225mWi_RFoff_r3.csv,linefit,t_sweep,4121,110,,,,,,per-trace record not persisted by run_linefit.py,0,,DIAGNOSTIC
t_sweep/4121nm_T110C_P225mWi_RFoff_r4.csv,linefit,t_sweep,4121,110,,,,,,per-trace record not persisted by run_linefit.py,0,,DIAGNOSTIC
t_sweep/4121nm_T110C_P225mWi_RFoff_r5.csv,linefit,t_sweep,4121,110,,,,,,per-trace record not persisted by run_linefit.py,0,,DIAGNOSTIC
t_sweep/4121nm_T70C_P225mWi_RFoff_r1.csv,linefit,t_sweep,4121,70,,,,,,per-trace record not persisted by run_linefit.py,0,,DIAGNOSTIC
t_sweep/4121nm_T70C_P225mWi_RFoff_r2.csv,linefit,t_sweep,4121,70,,,,,,per-trace record not persisted by run_linefit.py,0,,DIAGNOSTIC
t_sweep/4121nm_T70C_P225mWi_RFoff_r3.csv,linefit,t_sweep,4121,70,,,,,,per-trace record not persisted by run_linefit.py,0,,DIAGNOSTIC
t_sweep/4121nm_T70C_P225mWi_RFoff_r4.csv,linefit,t_sweep,4121,70,,,,,,per-trace record not persisted by run_linefit.py,0,,DIAGNOSTIC
t_sweep/4121nm_T70C_P225mWi_RFoff_r5.csv,linefit,t_sweep,4121,70,,,,,,per-trace record not persisted by run_linefit.py,0,,DIAGNOSTIC
t_sweep/4121nm_T90C_P225mWi_RFoff_r1.csv,linefit,t_sweep,4121,90,,,,,,per-trace record not persisted by run_linefit.py,0,,DIAGNOSTIC
t_sweep/4121nm_T90C_P225mWi_RFoff_r2.csv,linefit,t_sweep,4121,90,,,,,,per-trace record not persisted by run_linefit.py,0,,DIAGNOSTIC
t_sweep/4121nm_T90C_P225mWi_RFoff_r3.csv,linefit,t_sweep,4121,90,,,,,,per-trace record not persisted by run_linefit.py,0,,DIAGNOSTIC
t_sweep/4121nm_T90C_P225mWi_RFoff_r4.csv,linefit,t_sweep,4121,90,,,,,,per-trace record not persisted by run_linefit.py,0,,DIAGNOSTIC
t_sweep/4121nm_T90C_P225mWi_RFoff_r5.csv,linefit,t_sweep,4121,90,,,,,,per-trace record not persisted by run_linefit.py,0,,DIAGNOSTIC
t_sweep/4154nm_T110C_P225mWi_RFoff_r1.csv,linefit,t_sweep,4154,110,,,,,,per-trace record not persisted by run_linefit.py,0,,DIAGNOSTIC
t_sweep/4154nm_T110C_P225mWi_RFoff_r2.csv,linefit,t_sweep,4154,110,,,,,,per-trace record not persisted by run_linefit.py,0,,DIAGNOSTIC
t_sweep/4154nm_T110C_P225mWi_RFoff_r3.csv,linefit,t_sweep,4154,110,,,,,,per-trace record not persisted by run_linefit.py,0,,DIAGNOSTIC
t_sweep/4154nm_T110C_P225mWi_RFoff_r4.csv,linefit,t_sweep,4154,110,,,,,,per-trace record not persisted by run_linefit.py,0,,DIAGNOSTIC
t_sweep/4154nm_T110C_P225mWi_RFoff_r5.csv,linefit,t_sweep,4154,110,,,,,,per-trace record not persisted by run_linefit.py,0,,DIAGNOSTIC
t_sweep/4154nm_T70C_P225mWi_RFoff_r1.csv,linefit,t_sweep,4154,70,,,,,,per-trace record not persisted by run_linefit.py,0,,DIAGNOSTIC
t_sweep/4154nm_T70C_P225mWi_RFoff_r3.csv,linefit,t_sweep,4154,70,,,,,,per-trace record not persisted by run_linefit.py,0,,DIAGNOSTIC
t_sweep/4154nm_T70C_P225mWi_RFoff_r4.csv,linefit,t_sweep,4154,70,,,,,,per-trace record not persisted by run_linefit.py,0,,DIAGNOSTIC
t_sweep/4154nm_T70C_P225mWi_RFoff_r5.csv,linefit,t_sweep,4154,70,,,,,,per-trace record not persisted by run_linefit.py,0,,DIAGNOSTIC
t_sweep/4154nm_T90C_P225mWi_RFoff_r1.csv,linefit,t_sweep,4154,90,,,,,,per-trace record not persisted by run_linefit.py,0,,DIAGNOSTIC
t_sweep/4154nm_T90C_P225mWi_RFoff_r2.csv,linefit,t_sweep,4154,90,,,,,,per-trace record not persisted by run_linefit.py,0,,DIAGNOSTIC
t_sweep/4154nm_T90C_P225mWi_RFoff_r3.csv,linefit,t_sweep,4154,90,,,,,,per-trace record not persisted by run_linefit.py,0,,DIAGNOSTIC
t_sweep/4154nm_T90C_P225mWi_RFoff_r4.csv,linefit,t_sweep,4154,90,,,,,,per-trace record not persisted by run_linefit.py,0,,DIAGNOSTIC
t_sweep/4154nm_T90C_P225mWi_RFoff_r5.csv,linefit,t_sweep,4154,90,,,,,,per-trace record not persisted by run_linefit.py,0,,DIAGNOSTIC
t_sweep/4192nm_T110C_P225mWi_RFoff_r1.csv,linefit,t_sweep,4192,110,,,,,,per-trace record not persisted by run_linefit.py,0,,DIAGNOSTIC
t_sweep/4192nm_T110C_P225mWi_RFoff_r2.csv,linefit,t_sweep,4192,110,,,,,,per-trace record not persisted by run_linefit.py,0,,DIAGNOSTIC
t_sweep/4192nm_T110C_P225mWi_RFoff_r3.csv,linefit,t_sweep,4192,110,,,,,,per-trace record not persisted by run_linefit.py,0,,DIAGNOSTIC
t_sweep/4192nm_T110C_P225mWi_RFoff_r4.csv,linefit,t_sweep,4192,110,,,,,,per-trace record not persisted by run_linefit.py,0,,DIAGNOSTIC
t_sweep/4192nm_T110C_P225mWi_RFoff_r5.csv,linefit,t_sweep,4192,110,,,,,,per-trace record not persisted by run_linefit.py,0,,DIAGNOSTIC
t_sweep/4192nm_T70C_P225mWi_RFoff_r1.csv,linefit,t_sweep,4192,70,,,,,,per-trace record not persisted by run_linefit.py,0,,DIAGNOSTIC
t_sweep/4192nm_T70C_P225mWi_RFoff_r2.csv,linefit,t_sweep,4192,70,,,,,,per-trace record not persisted by run_linefit.py,0,,DIAGNOSTIC
t_sweep/4192nm_T70C_P225mWi_RFoff_r3.csv,linefit,t_sweep,4192,70,,,,,,per-trace record not persisted by run_linefit.py,0,,DIAGNOSTIC
t_sweep/4192nm_T70C_P225mWi_RFoff_r4.csv,linefit,t_sweep,4192,70,,,,,,per-trace record not persisted by run_linefit.py,0,,DIAGNOSTIC
t_sweep/4192nm_T70C_P225mWi_RFoff_r5.csv,linefit,t_sweep,4192,70,,,,,,per-trace record not persisted by run_linefit.py,0,,DIAGNOSTIC
t_sweep/4192nm_T90C_P225mWi_RFoff_r1.csv,linefit,t_sweep,4192,90,,,,,,per-trace record not persisted by run_linefit.py,0,,DIAGNOSTIC
t_sweep/4192nm_T90C_P225mWi_RFoff_r2.csv,linefit,t_sweep,4192,90,,,,,,per-trace record not persisted by run_linefit.py,0,,DIAGNOSTIC
t_sweep/4192nm_T90C_P225mWi_RFoff_r3.csv,linefit,t_sweep,4192,90,,,,,,per-trace record not persisted by run_linefit.py,0,,DIAGNOSTIC
t_sweep/4192nm_T90C_P225mWi_RFoff_r4.csv,linefit,t_sweep,4192,90,,,,,,per-trace record not persisted by run_linefit.py,0,,DIAGNOSTIC
t_sweep/4192nm_T90C_P225mWi_RFoff_r5.csv,linefit,t_sweep,4192,90,,,,,,per-trace record not persisted by run_linefit.py,0,,DIAGNOSTIC
t_sweep/4207nm_T110C_P225mWi_RFoff_r1.csv,linefit,t_sweep,4207,110,,,,,,per-trace record not persisted by run_linefit.py,0,,DIAGNOSTIC
t_sweep/4207nm_T110C_P225mWi_RFoff_r2.csv,linefit,t_sweep,4207,110,,,,,,per-trace record not persisted by run_linefit.py,0,,DIAGNOSTIC
t_sweep/4207nm_T110C_P225mWi_RFoff_r3.csv,linefit,t_sweep,4207,110,,,,,,per-trace record not persisted by run_linefit.py,0,,DIAGNOSTIC
t_sweep/4207nm_T110C_P225mWi_RFoff_r4.csv,linefit,t_sweep,4207,110,,,,,,per-trace record not persisted by run_linefit.py,0,,DIAGNOSTIC
t_sweep/4207nm_T110C_P225mWi_RFoff_r5.csv,linefit,t_sweep,4207,110,,,,,,per-trace record not persisted by run_linefit.py,0,,DIAGNOSTIC
t_sweep/4207nm_T70C_P225mWi_RFoff_r1.csv,linefit,t_sweep,4207,70,,,,,,per-trace record not persisted by run_linefit.py,0,,DIAGNOSTIC
t_sweep/4207nm_T70C_P225mWi_RFoff_r2.csv,linefit,t_sweep,4207,70,,,,,,per-trace record not persisted by run_linefit.py,0,,DIAGNOSTIC
t_sweep/4207nm_T70C_P225mWi_RFoff_r3.csv,linefit,t_sweep,4207,70,,,,,,per-trace record not persisted by run_linefit.py,0,,DIAGNOSTIC
t_sweep/4207nm_T70C_P225mWi_RFoff_r4.csv,linefit,t_sweep,4207,70,,,,,,per-trace record not persisted by run_linefit.py,0,,DIAGNOSTIC
t_sweep/4207nm_T70C_P225mWi_RFoff_r5.csv,linefit,t_sweep,4207,70,,,,,,per-trace record not persisted by run_linefit.py,0,,DIAGNOSTIC
t_sweep/4207nm_T90C_P225mWi_RFoff_r1.csv,linefit,t_sweep,4207,90,,,,,,per-trace record not persisted by run_linefit.py,0,,DIAGNOSTIC
t_sweep/4207nm_T90C_P225mWi_RFoff_r2.csv,linefit,t_sweep,4207,90,,,,,,per-trace record not persisted by run_linefit.py,0,,DIAGNOSTIC
t_sweep/4207nm_T90C_P225mWi_RFoff_r3.csv,linefit,t_sweep,4207,90,,,,,,per-trace record not persisted by run_linefit.py,0,,DIAGNOSTIC
t_sweep/4207nm_T90C_P225mWi_RFoff_r4.csv,linefit,t_sweep,4207,90,,,,,,per-trace record not persisted by run_linefit.py,0,,DIAGNOSTIC
t_sweep/4207nm_T90C_P225mWi_RFoff_r5.csv,linefit,t_sweep,4207,90,,,,,,per-trace record not persisted by run_linefit.py,0,,DIAGNOSTIC
rulers_t/4121nm_T110C_P225mWi_RFon_r4.csv,outlier,ruler_t,4121,110,,,0,,,,1,spacing_outlier,DIAGNOSTIC
rulers_t/4154nm_T90C_P225mWi_RFon_r2.csv,outlier,ruler_t,4154,90,,,0,,,,1,spacing_outlier,DIAGNOSTIC
rulers_t/4207nm_T110C_P225mWi_RFon_r3.csv,outlier,ruler_t,4207,110,,,0,,,,1,spacing_outlier,DIAGNOSTIC
