source,path,md5,mtime_epoch,manifest_file
main,2025-07-17-Julia.code-workspace,25bf50b0ec79d01de8b83b7b5801b4ac,1755362086,
main,4121nm_025mw1.csv,8973952f797707e96f0d8d14c12b1aa6,1752781678,p_sweep/4121nm_025mw1.csv
main,4121nm_025mw2.csv,5f5a3da270f534e179e9ba7e1447e395,1752781688,p_sweep/4121nm_025mw2.csv
main,4121nm_025mw3.csv,f847b46d09409f7dc5d3a61aee56428a,1752781704,p_sweep/4121nm_025mw3.csv
main,4121nm_025mw4.csv,9ef8f6750f46b9ff70d97a748a51083c,1752781726,p_sweep/4121nm_025mw4.csv
main,4121nm_025mw5.csv,f2aa5eb09adf3c67d21f82debbf3592a,1752781738,p_sweep/4121nm_025mw5.csv
main,4121nm_070c1.csv,d8f2414f886add5b1a9aa3b7f3ca4a7a,1752832850,t_sweep/4121nm_070c1.csv
main,4121nm_070c2.csv,f210803f8a694d021d8e2559eb184365,1752832874,t_sweep/4121nm_070c2.csv
main,4121nm_070c3.csv,41774c464046ed974a7202080dabd76e,1752832880,t_sweep/4121nm_070c3.csv
main,4121nm_070c4.csv,eb6f4a399844f8dbcb04db33bfec8e23,1752832886,t_sweep/4121nm_070c4.csv
main,4121nm_070c5.csv,2fd5bd62d6bc170a94c17773ed97646d,1752832892,t_sweep/4121nm_070c5.csv
main,4121nm_075mw1.csv,02d65081a504e5d6688430d6e774a28b,1752780778,
main,4121nm_075mw2.csv,8b3cdfd496eb2a72c96ab0fed808755c,1752780784,
main,4121nm_075mw3.csv,6d7ac35ffd947a3708c520998868797f,1752781202,
main,4121nm_075mw4.csv,83956a2a16c574eb17223e9eaf939032,1752781208,
main,4121nm_075mw5.csv,ce5559df51617ecf9ee46606653ca8e6,1752781216,
main,4121nm_075mw6.csv,01347f2be249993bc4fad739548229a6,1752781230,
main,4121nm_075mw7.csv,11239e9b7274f8f6c705228e994bf4f7,1752781238,
main,4121nm_075mw8.csv,c321666a724233b3b2cbcd6f3c13ceb1,1752781242,
main,4121nm_075mw9.csv,5a9fce3689742113ee1f514b74c63076,1752781246,
main,4121nm_075mw_1.csv,25e9b9fdf3740d0492f05b4a7660ae81,1752781466,p_sweep/4121nm_075mw1.csv
main,4121nm_075mw_2.csv,f1b173a843ddac5cd9eb82abec6ed32e,1752781470,p_sweep/4121nm_075mw2.csv
main,4121nm_075mw_3.csv,d301e82a0c3eff805b99da352016f869,1752781474,p_sweep/4121nm_075mw3.csv
main,4121nm_075mw_4.csv,b5490fa63ecf628d5798cc4835d9967c,1752781478,
main,4121nm_075mw_5.csv,da3368c134272505936de53dd1913808,1752781484,p_sweep/4121nm_075mw5.csv
main,4121nm_075mw_6.csv,984cc15fd806fee673bab70bcd0f680b,1752781490,p_sweep/4121nm_075mw4.csv
main,4121nm_075mw_7.csv,dea1c51202b25814417aad3704e073f0,1752781496,
main,4121nm_075mw_8.csv,f879ba242742905d63818215a8c5aebc,1752781504,
main,4121nm_090c1.csv,c7163a18afb114f28e8cec38eb27de57,1752826870,t_sweep/4121nm_090c1.csv
main,4121nm_090c2.csv,7e835b1d220fc83931d65121e556a94e,1752826876,t_sweep/4121nm_090c2.csv
main,4121nm_090c3.csv,bc403d84e3762af1eabfdb410b124502,1752826882,t_sweep/4121nm_090c3.csv
main,4121nm_090c4.csv,c6ca9884dad09c77899aab64237b903e,1752826888,t_sweep/4121nm_090c4.csv
main,4121nm_090c5.csv,cd2dfe1ad213c423b7de542e44162bb0,1752826894,t_sweep/4121nm_090c5.csv
main,4121nm_110c1.csv,f42a6df078fc9d678afda13ae560321c,1752788228,t_sweep/4121nm_110c1.csv
main,4121nm_110c2.csv,8cd92b4eeb89d2a92bbca1786fa8031f,1752788236,t_sweep/4121nm_110c2.csv
main,4121nm_110c3.csv,bee53200f2c4f12ee8c6b807ff1992ec,1752788242,t_sweep/4121nm_110c3.csv
main,4121nm_110c4.csv,040def4e888ce28e9a06f29e0b04f4b2,1752788248,t_sweep/4121nm_110c4.csv
main,4121nm_110c5.csv,754b5c17f390c3068dadbbcd190b1fd8,1752788256,t_sweep/4121nm_110c5.csv
main,4121nm_125mw1.csv,1dc451c362fc2b795d3d3884b70aabe6,1752780614,p_sweep/4121nm_125mw1.csv
main,4121nm_125mw2.csv,15e6878310dbbd81a3e937c2a986ca30,1752780620,p_sweep/4121nm_125mw2.csv
main,4121nm_125mw3.csv,5303b227c4cc51e73f949d7531f32c0c,1752780626,p_sweep/4121nm_125mw3.csv
main,4121nm_125mw4.csv,6297b628e468cbad9284b27fedbdc2c7,1752780632,p_sweep/4121nm_125mw4.csv
main,4121nm_125mw5.csv,2acede0bfd656384a0586419f6378f71,1752780640,
main,4121nm_125mw6.csv,6e01ecff4ce1741294d740ec89f4745a,1752780644,p_sweep/4121nm_125mw5.csv
main,4121nm_175mw1.csv,c6f54e6fa28b917667578df5982a2e80,1752780290,p_sweep/4121nm_175mw1.csv
main,4121nm_175mw2.csv,4f475c46597e37798336b6ae12a83f3c,1752780296,p_sweep/4121nm_175mw2.csv
main,4121nm_175mw3.csv,7afa9e0f84dff763a9619a718cc73f8f,1752780302,
main,4121nm_175mw4.csv,3ca1c5d8221538cdefe633d58b96b472,1752780310,p_sweep/4121nm_175mw4.csv
main,4121nm_175mw5.csv,1c9dab46f40c7d354d05ccb27dfee43b,1752780316,p_sweep/4121nm_175mw5.csv
main,4121nm_175mw6.csv,57290384591ad7c935078dbf3b1c4428,1752780322,p_sweep/4121nm_175mw3.csv
main,4121nm_225mw1.csv,ffca1f8faf6ec8d707e831e10aac28f8,1752780032,p_sweep/4121nm_225mw1.csv
main,4121nm_225mw2.csv,503de6ad22b34207a06d392de7403514,1752780042,p_sweep/4121nm_225mw2.csv
main,4121nm_225mw3.csv,4408caf35233fe29dde7f2132f39b134,1752780048,p_sweep/4121nm_225mw3.csv
main,4121nm_225mw4.csv,694455f98fd98273ba02c9eca399afad,1752780056,p_sweep/4121nm_225mw4.csv
main,4121nm_225mw5.csv,3684c92257088b5eecb6605abc707822,1752780062,p_sweep/4121nm_225mw5.csv
main,4121nm_225mw6.csv,cdf0b163bce9724e3f2049ac59a98bca,1752780070,
main,4121nm_eom_070c1.csv,9316fbb2a97bb32c440748c13e8b3a4c,1752832730,rulers_t/4121nm_eom_070c1.csv
main,4121nm_eom_070c2.csv,106dbd3df5d064a17f93aaad733cb109,1752832740,rulers_t/4121nm_eom_070c2.csv
main,4121nm_eom_070c3.csv,38abddcd588e02670a6f5544e1f928ff,1752832746,rulers_t/4121nm_eom_070c3.csv
main,4121nm_eom_070c4.csv,8700359846ec15c3c79f02311dcd0554,1752832756,rulers_t/4121nm_eom_070c4.csv
main,4121nm_eom_070c5.csv,44b3010c019405898f09890f6dc676b1,1752832766,rulers_t/4121nm_eom_070c5.csv
main,4121nm_eom_090c1.csv,c2597ee7552c02151aebfb38f3482089,1752826532,rulers_t/4121nm_eom_090c1.csv
main,4121nm_eom_090c2.csv,07bf57b0e957e37d46f1fee54985af2a,1752826576,rulers_t/4121nm_eom_090c2.csv
main,4121nm_eom_090c3.csv,e24a7eae69ef8869721f69abd0d149f8,1752826588,rulers_t/4121nm_eom_090c3.csv
main,4121nm_eom_090c4.csv,b5ad8130089ecf86c98f6c7f93c60ca2,1752826600,rulers_t/4121nm_eom_090c4.csv
main,4121nm_eom_090c5.csv,43a5c7c3ff0668a1aa505cd7b3d3c96a,1752826626,rulers_t/4121nm_eom_090c5.csv
main,4121nm_eom_110c1.csv,d1c5cc831df319137be2cea3cac447a2,1752786876,rulers_t/4121nm_eom_110c1.csv
main,4121nm_eom_110c2.csv,9ea03ed6182e631d55e090d485e5e75f,1752786894,rulers_t/4121nm_eom_110c2.csv
main,4121nm_eom_110c3.csv,d926563bd6a18957a976017447e9899e,1752786912,rulers_t/4121nm_eom_110c3.csv
main,4121nm_eom_110c4.csv,7dbbe87c1dd7625c76f1019aa4b1faf2,1752786928,rulers_t/4121nm_eom_110c4.csv
main,4121nm_eom_110c5.csv,70019581020d0ee1b85ef862a1bf2b29,1752786934,rulers_t/4121nm_eom_110c5.csv
main,4121nm_eom_after1.csv,2742ba08dfdce466a9d1fc4f17916fa4,1752782330,rulers_p/4121nm_eom_after1.csv
main,4121nm_eom_after2.csv,8fa3308604069f5aa729e4f6132f38b1,1752782438,rulers_p/4121nm_eom_after2.csv
main,4121nm_eom_after3.csv,0007b50db80c76d54ea9246943689014,1752782454,rulers_p/4121nm_eom_after3.csv
main,4121nm_eom_after4.csv,c50f7d85b495793a0bee43de9e706a44,1752782464,rulers_p/4121nm_eom_after4.csv
main,4121nm_eom_after5.csv,ad120caaf7bebe5d0251aeaaabc493e9,1752782468,rulers_p/4121nm_eom_after5.csv
main,4121nm_eom_after6.csv,6caa9fd31a42d5c7caf83fb2d893c9f5,1752782498,rulers_p/4121nm_eom_after6.csv
main,4121nm_eom_before1.csv,e3026b6d9eaed7305b275fa87c1cf604,1752779746,rulers_p/4121nm_eom_before1.csv
main,4121nm_eom_before2.csv,0fe6771f8571437b5f6dd14233b96a31,1752779758,rulers_p/4121nm_eom_before2.csv
main,4121nm_eom_before3.csv,599642760074c32d2bd8a7cbfdfd4fcb,1752779826,rulers_p/4121nm_eom_before3.csv
main,4121nm_eom_before4.csv,e5c05c21783d0eecd170be0f351bb690,1752779836,rulers_p/4121nm_eom_before4.csv
main,4121nm_eom_before5.csv,fa0b7935c1de08e328652b751c6c946e,1752779868,rulers_p/4121nm_eom_before5.csv
main,4154_070c1.csv,cfe739fa808f1234c9a5e504b6b2e4de,1752834228,t_sweep/4154nm_070c1.csv
main,4154_070c2.csv,cfe739fa808f1234c9a5e504b6b2e4de,1752834230,t_sweep/4154nm_070c1.csv
main,4154_070c3.csv,b6090e3112c0b80e06f6a3082bc72636,1752834236,t_sweep/4154nm_070c3.csv
main,4154_070c4.csv,d772fbb4ceb847f1d43ca4140a86a19b,1752834242,discarded/4154nm_070c4.csv
main,4154_070c5.csv,b213f15e7fe229840786c1a8eb0431f3,1752834268,t_sweep/4154nm_070c5.csv
main,4154_070c6.csv,5cde82d0a00534177407b55909aa2ea4,1752834272,t_sweep/4154nm_070c4.csv
main,4154_eom_070c1.csv,107d858f24740e562dd4b4769447cafb,1752834048,rulers_t/4154nm_eom_070c1.csv
main,4154_eom_070c2.csv,025034af0a2c5d02889a88b60201ab2b,1752834056,rulers_t/4154nm_eom_070c2.csv
main,4154_eom_070c3.csv,2e1ba58a31231a30aa238e9b219d15ec,1752834062,rulers_t/4154nm_eom_070c3.csv
main,4154_eom_070c4.csv,beedbf6973e9797af463b338c208b6d3,1752834070,rulers_t/4154nm_eom_070c4.csv
main,4154_eom_070c5.csv,e8023a7ac2215b9bb9295e7e6ad7fc05,1752834106,rulers_t/4154nm_eom_070c5.csv
main,4154nm_025mw1.csv,7ffe824537db1f03eb9e36e4f1c19544,1752778050,p_sweep/4154nm_025mw1.csv
main,4154nm_025mw2.csv,fcf98b539a86eb8622dceebee6202c08,1752778062,p_sweep/4154nm_025mw2.csv
main,4154nm_025mw3.csv,e92d959af71a68adb6f1bf13a27b40bb,1752778070,p_sweep/4154nm_025mw3.csv
main,4154nm_025mw4.csv,cf3c182012081346928f5c9b7b63f0c6,1752778076,p_sweep/4154nm_025mw4.csv
main,4154nm_025mw5.csv,cf86d33bdca55e35ad9f59e3600ceebe,1752778086,p_sweep/4154nm_025mw5.csv
main,4154nm_075mw1.csv,3651ed60f75f892f5ec931e4ab2b4c8b,1752777646,p_sweep/4154nm_075mw1.csv
main,4154nm_075mw2.csv,dc50f65dad890b90fd9e23ea1d3c509f,1752777666,p_sweep/4154nm_075mw2.csv
main,4154nm_075mw3.csv,bb4ae88e5fc81b5255ebd13c435ae386,1752777674,p_sweep/4154nm_075mw3.csv
main,4154nm_075mw4.csv,f8a5b76de14864b0a28ad55fd5fe2c71,1752777680,p_sweep/4154nm_075mw4.csv
main,4154nm_075mw5.csv,4086121d08a15c4628b73262111f63a5,1752777696,p_sweep/4154nm_075mw5.csv
main,4154nm_090c1.csv,b4d746fbb465ed613fb21e7c86e6dfee,1752828766,t_sweep/4154nm_090c1.csv
main,4154nm_090c2.csv,cf1de53d9705ce0569231c8e58aebc66,1752828774,t_sweep/4154nm_090c2.csv
main,4154nm_090c3.csv,56a62ce818627bf52cb13df17a57021f,1752828780,t_sweep/4154nm_090c3.csv
main,4154nm_090c4.csv,cc7786b65fe1708fda2050ec870e2d03,1752828798,t_sweep/4154nm_090c4.csv
main,4154nm_090c5.csv,024e75894c62c044624bb94a6d7856ba,1752828804,t_sweep/4154nm_090c5.csv
main,4154nm_110c1.csv,51f3b3ce513c5ff8c41bd98daf3bb681,1752789176,t_sweep/4154nm_110c1.csv
main,4154nm_110c2.csv,0a4de92523f6e36e74798067b58448bd,1752789188,t_sweep/4154nm_110c2.csv
main,4154nm_110c3.csv,e54200bbe28583533a863a3216dca8ae,1752789194,t_sweep/4154nm_110c3.csv
main,4154nm_110c4.csv,1f49b625390646f46bfe2e22a0c600d2,1752789200,t_sweep/4154nm_110c4.csv
main,4154nm_110c5.csv,43fe760d31bc474dcfec7abbbb3bc7ad,1752789206,t_sweep/4154nm_110c5.csv
main,4154nm_125mw1.csv,65836b21f66098b830eafb702493d349,1752777482,p_sweep/4154nm_125mw1.csv
main,4154nm_125mw2.csv,4623aeb3ecaf9a507002d201feb35290,1752777490,p_sweep/4154nm_125mw2.csv
main,4154nm_125mw3.csv,c1668f95e8a124d891f2355a3ff7f1bb,1752777496,p_sweep/4154nm_125mw3.csv
main,4154nm_125mw4.csv,0d80c5f77758ed4842477a08f3db6cac,1752777504,p_sweep/4154nm_125mw4.csv
main,4154nm_125mw5.csv,1890299fc4025584c9a0480a4ee8e2aa,1752777510,p_sweep/4154nm_125mw5.csv
main,4154nm_130c_025mw1.csv,5403f5a8e0d1269bf5937e3bf456634b,1752761270,quarantine/4154nm_130c_025mw1.csv
main,4154nm_130c_025mw2.csv,3abac202365ffdc2a582454e2682b448,1752761278,quarantine/4154nm_130c_025mw2.csv
main,4154nm_130c_025mw3.csv,1eac3c52036c98543912b9cc7fbde668,1752761294,quarantine/4154nm_130c_025mw3.csv
main,4154nm_130c_025mw4.csv,4ee51e1138b9a2fef2ba1a321b844999,1752761306,quarantine/4154nm_130c_025mw4.csv
main,4154nm_130c_025mw5.csv,3f3819916b09a0bd5272568561647363,1752761316,quarantine/4154nm_130c_025mw5.csv
main,4154nm_130c_125mw1.csv,3bf55a21e723a01f684751057b876d81,1752761054,quarantine/4154nm_130c_125mw1.csv
main,4154nm_130c_125mw2.csv,5e1b6f9e22fd7d5d4b379b7e286ad7c1,1752761062,quarantine/4154nm_130c_125mw2.csv
main,4154nm_130c_125mw3.csv,30a2766cafa22860c74d42ad0ab0330f,1752761068,quarantine/4154nm_130c_125mw3.csv
main,4154nm_130c_125mw4.csv,20da39825d0021147d76bfb51cd0ce95,1752761072,quarantine/4154nm_130c_125mw4.csv
main,4154nm_130c_125mw5.csv,c1b565633ee8b4f85b76ecd03a21e1c3,1752761080,quarantine/4154nm_130c_125mw5.csv
main,4154nm_130c_125mw6.csv,0ec680570a76b0ae943308abd39255ea,1752761088,quarantine/4154nm_130c_125mw6.csv
main,4154nm_130c_125mw7.csv,13301a2644ea42986b31cda862cdc22e,1752761092,quarantine/4154nm_130c_125mw7.csv
main,4154nm_130c_125mw8.csv,68ff2e79a86a3c81d94ee152b589852a,1752761098,quarantine/4154nm_130c_125mw8.csv
main,4154nm_130c_225mw1.csv,1fae3355da6e37c8995ede59d9e29e34,1752760668,quarantine/4154nm_130c_225mw1.csv
main,4154nm_130c_225mw2.csv,39f93b4f7aa01e382f10670dd83bd5dc,1752760690,quarantine/4154nm_130c_225mw2.csv
main,4154nm_130c_225mw3.csv,afe2b33e4e7a5e2fcbb86dc5f7939ae0,1752760702,quarantine/4154nm_130c_225mw3.csv
main,4154nm_130c_225mw4.csv,7514640e4b00bae87270e7568e2327aa,1752760710,quarantine/4154nm_130c_225mw4.csv
main,4154nm_130c_225mw5.csv,7514640e4b00bae87270e7568e2327aa,1752760712,quarantine/4154nm_130c_225mw4.csv
main,4154nm_130c_225mw6.csv,1727a72f04a56e2f76ef7310f50520b4,1752760722,quarantine/4154nm_130c_225mw6.csv
main,4154nm_130c_225mw7.csv,51983f4fa16969813b86b5e8f511bf24,1752760732,quarantine/4154nm_130c_225mw7.csv
main,4154nm_175mw1.csv,4eeb4ffba8bbef0109b03b6114212843,1752777178,p_sweep/4154nm_175mw1.csv
main,4154nm_175mw2.csv,2d9706a75037fb6a4791e323fb085994,1752777188,p_sweep/4154nm_175mw2.csv
main,4154nm_175mw3.csv,2a1d092c9c531c1c2e0cefe271c2923f,1752777198,p_sweep/4154nm_175mw3.csv
main,4154nm_175mw4.csv,fd3bef7b8476dc3b6fe7b3b4d321cfde,1752777206,p_sweep/4154nm_175mw4.csv
main,4154nm_175mw5.csv,ef7549f0d7639b10d54b56794f61e1e1,1752777214,p_sweep/4154nm_175mw5.csv
main,4154nm_225mw1.csv,7b277abb9957e4cb4294b25c9dd397e4,1752777012,p_sweep/4154nm_225mw1.csv
main,4154nm_225mw2.csv,ffee6e836890b253f546ac714bfcb461,1752777022,p_sweep/4154nm_225mw2.csv
main,4154nm_225mw3.csv,17be174c728918329f5851ecb469bbb2,1752777032,p_sweep/4154nm_225mw3.csv
main,4154nm_225mw4.csv,e8326991d9f8fcd215c757a04b2350cf,1752777038,p_sweep/4154nm_225mw4.csv
main,4154nm_225mw5.csv,fade0710a418eb1768038353d2cdac6a,1752777044,p_sweep/4154nm_225mw5.csv
main,4154nm_eom_090c1.csv,d38a0f3702bd48b1e1d65f0abd2bf476,1752828632,rulers_t/4154nm_eom_090c1.csv
main,4154nm_eom_090c2.csv,26888831b1c61ee5f3f0b73584fd90e1,1752828636,rulers_t/4154nm_eom_090c2.csv
main,4154nm_eom_090c3.csv,cb0792d800e1dc80b5796bc6c9e8cdcd,1752828642,rulers_t/4154nm_eom_090c3.csv
main,4154nm_eom_090c4.csv,d51dbd3deafd52763bc36593f2b51106,1752828646,rulers_t/4154nm_eom_090c4.csv
main,4154nm_eom_090c5.csv,abbf8235145e95fe6a06617575b4b600,1752828652,rulers_t/4154nm_eom_090c5.csv
main,4154nm_eom_110c1.csv,be5892f2766fd3f495c3a59231cf7efb,1752788944,rulers_t/4154nm_eom_110c1.csv
main,4154nm_eom_110c2.csv,47149adbccdd753fbe4a3f25baf23f2c,1752788960,rulers_t/4154nm_eom_110c2.csv
main,4154nm_eom_110c3.csv,c0742a097f41c9d03376b1e03814cc95,1752788968,rulers_t/4154nm_eom_110c3.csv
main,4154nm_eom_110c4.csv,d185b2ab6b73985c16abc3a72ed3fb6e,1752788976,rulers_t/4154nm_eom_110c4.csv
main,4154nm_eom_110c5.csv,9d6daa79aee07250898a0cf205bd93b9,1752788984,rulers_t/4154nm_eom_110c5.csv
main,4154nm_eom_after1.csv,a63a3238277369deefd525d4ec9078c9,1752761668,quarantine/4154nm_eom_after1.csv
main,4154nm_eom_after2.csv,30f45fd9dbd7a4f1c886a54fb9c3abe1,1752761750,quarantine/4154nm_eom_after2.csv
main,4154nm_eom_after3.csv,ae5fb0d91237aa7848c4be40011de80c,1752761772,quarantine/4154nm_eom_after3.csv
main,4154nm_eom_after4.csv,9263b60e665df0ed863c729d84fd26ba,1752761782,quarantine/4154nm_eom_after4.csv
main,4154nm_eom_after5.csv,2a530875a6df3057cf4e4b1097e87d9c,1752761808,quarantine/4154nm_eom_after5.csv
main,4154nm_eom_after_1.csv,f77af5755519fe7a3b3b9a85d368a75f,1752778408,rulers_p/4154nm_eom_after_1.csv
main,4154nm_eom_after_2.csv,c4b160a7e820469454ce0b4dee1dbb4f,1752778420,rulers_p/4154nm_eom_after_2.csv
main,4154nm_eom_after_3.csv,7a797e9f78fd75b1b331571e6ef4429f,1752778442,rulers_p/4154nm_eom_after_3.csv
main,4154nm_eom_after_4.csv,35b8fb4e37dd37e7aa92fdaeed978f79,1752778462,rulers_p/4154nm_eom_after_4.csv
main,4154nm_eom_after_5.csv,afcaf3cef3f04cb185769c122dddee47,1752778470,rulers_p/4154nm_eom_after_5.csv
main,4154nm_eom_before1.csv,274526d0709d4a8deac1e3987213864b,1752760092,quarantine/4154nm_eom_before1.csv
main,4154nm_eom_before2.csv,42a797988a4724189f7c6c9d98a728dc,1752760150,quarantine/4154nm_eom_before2.csv
main,4154nm_eom_before3.csv,9b3976f504c0f994556e0609674d219a,1752760158,quarantine/4154nm_eom_before3.csv
main,4154nm_eom_before4.csv,6e4db7edd4849cc58a115139d751cfd0,1752760170,quarantine/4154nm_eom_before4.csv
main,4154nm_eom_before5.csv,177213b84085d0b30c5edc968aaa9609,1752760180,quarantine/4154nm_eom_before5.csv
main,4154nm_eom_before_1.csv,f5dabe598f1d01d6294e05cf90c2b18b,1752776704,rulers_p/4154nm_eom_before_1.csv
main,4154nm_eom_before_2.csv,80a75366a19c2ec77466d369c4d9e5e9,1752776720,rulers_p/4154nm_eom_before_2.csv
main,4154nm_eom_before_3.csv,78e98c38db36ca180cedc4d6da932303,1752776740,rulers_p/4154nm_eom_before_3.csv
main,4154nm_eom_before_4.csv,cadf23b665a68476b834be6c2143e9ea,1752776746,rulers_p/4154nm_eom_before_4.csv
main,4154nm_eom_before_5.csv,66afc7e2c978e7ab37d995bc8843f5d3,1752776754,rulers_p/4154nm_eom_before_5.csv
main,4154nm_eom_before_6.csv,b17d9e08fb490aac17866615c6b5c421,1752776760,rulers_p/4154nm_eom_before_6.csv
main,4154nm_eom_before_7.csv,7c76b2680c973f5083e390f6a1ba0e13,1752776766,rulers_p/4154nm_eom_before_7.csv
main,4192_eom_070c1.csv,f9393d0d0b37a72c265e2dadd9c7b7e7,1752835794,rulers_t/4192nm_eom_070c1.csv
main,4192_eom_070c2.csv,64cc048582fd6a798398d4c7785355b5,1752835800,rulers_t/4192nm_eom_070c2.csv
main,4192_eom_070c3.csv,5cb906ac9f48f6a274fe233c30d9cc1c,1752835810,rulers_t/4192nm_eom_070c3.csv
main,4192_eom_070c4.csv,9cc71ff203440b5cae6b74c8c47d3db2,1752835846,rulers_t/4192nm_eom_070c4.csv
main,4192_eom_070c5.csv,3b73729699e99a7892ccb7f071b71ce8,1752835870,rulers_t/4192nm_eom_070c5.csv
main,4192nm_025mw1.csv,cc442ea3ab5191e16592c1443fe40b0e,1752764998,p_sweep/4192nm_025mw1.csv
main,4192nm_025mw2.csv,c05867b787adbf64036885f2519cb3c6,1752765008,p_sweep/4192nm_025mw2.csv
main,4192nm_025mw3.csv,03be2635a475cd33d85ef08269501ad4,1752765018,p_sweep/4192nm_025mw3.csv
main,4192nm_025mw4.csv,aad3c6d73ae479489bffa80c59b77fba,1752765028,p_sweep/4192nm_025mw4.csv
main,4192nm_025mw5.csv,36fa62648915936ccb2c4ad6344f74db,1752765036,p_sweep/4192nm_025mw5.csv
main,4192nm_070c1.csv,aeb4a01bd95c46e1e9615a00c2fe3c23,1752836180,t_sweep/4192nm_070c1.csv
main,4192nm_070c2.csv,438b81e82ee3639b772383c893713575,1752836190,t_sweep/4192nm_070c2.csv
main,4192nm_070c3.csv,8cb2bed48da102b5d3c27d9bb42b5ecf,1752836196,t_sweep/4192nm_070c3.csv
main,4192nm_070c4.csv,afecc05bb688e934ba73bf69d0853414,1752836202,t_sweep/4192nm_070c4.csv
main,4192nm_070c5.csv,12a6c617e1f8875d8f266c572d518ac3,1752836208,t_sweep/4192nm_070c5.csv
main,4192nm_075mw1.csv,9a4c4c6cd85b47a0b20946e226156391,1752764804,p_sweep/4192nm_075mw1.csv
main,4192nm_075mw2.csv,8f4d810e961aebff2068660f79f54af8,1752764810,p_sweep/4192nm_075mw2.csv
main,4192nm_075mw3.csv,1ccc8ad2cfd44d159ce83790758b0510,1752764818,p_sweep/4192nm_075mw3.csv
main,4192nm_075mw4.csv,f2a33b96461efb67db66ef6ccb883207,1752764830,p_sweep/4192nm_075mw4.csv
main,4192nm_075mw5.csv,17646bc8b4502d94aa2918c1404f6065,1752764838,
main,4192nm_075mw6.csv,62ade956d638d5a44fff75c1ae342e40,1752764846,p_sweep/4192nm_075mw5.csv
main,4192nm_090c1.csv,f3a45bc8e370fadd7c58793edeac34c0,1752829320,t_sweep/4192nm_090c1.csv
main,4192nm_090c2.csv,57d5ba15e372ee68dc606068cbcee6cf,1752829326,t_sweep/4192nm_090c2.csv
main,4192nm_090c3.csv,b93b04371c68e887637a672709235736,1752829334,discarded/4192nm_090c3.csv
main,4192nm_090c4.csv,c4ec77cc1f252d7a202252fb4c1faf25,1752829340,t_sweep/4192nm_090c4.csv
main,4192nm_090c5.csv,4f78acbf2e809dbd8706a4e7280f8762,1752829346,t_sweep/4192nm_090c5.csv
main,4192nm_090c6.csv,a6cb11a15680331e83fad281e5a12c3e,1752829352,t_sweep/4192nm_090c3.csv
main,4192nm_110c1.csv,deb39ba2f38a5f3bc31c3c36f7ff99b4,1752791000,t_sweep/4192nm_110c1.csv
main,4192nm_110c2.csv,a26a5a8db66ebff4452e3bb77f917fc9,1752791034,t_sweep/4192nm_110c2.csv
main,4192nm_110c3.csv,245441f005423380e66635f8eeffc871,1752791052,t_sweep/4192nm_110c3.csv
main,4192nm_110c4.csv,4ce3ca00f421ff4ed1cd572fb5dc4722,1752791058,t_sweep/4192nm_110c4.csv
main,4192nm_110c5.csv,a13d767259a0c8edf2eefc558d1a6054,1752791064,t_sweep/4192nm_110c5.csv
main,4192nm_125mw1.csv,50ea1e4c0ced14a4dfd920df6b42b0ab,1752764578,p_sweep/4192nm_125mw1.csv
main,4192nm_125mw2.csv,58885e98ee2cb8423200cd9c6a83ce33,1752764608,p_sweep/4192nm_125mw2.csv
main,4192nm_125mw3.csv,655988ab7be866e7473b9cc091c9bd27,1752764640,p_sweep/4192nm_125mw3.csv
main,4192nm_125mw4.csv,a80d79e1bf670cb877bd7d12ace5664f,1752764650,p_sweep/4192nm_125mw4.csv
main,4192nm_125mw5.csv,20777e6c0bb81be3d62177de9a7d3db9,1752764672,p_sweep/4192nm_125mw5.csv
main,4192nm_175mw1.csv,0e45306b4456a16998d186a89db82ec7,1752764402,p_sweep/4192nm_175mw1.csv
main,4192nm_175mw2.csv,987c5facdd66ef34faedd66317e518b9,1752764410,p_sweep/4192nm_175mw2.csv
main,4192nm_175mw3.csv,44ec550342f1ff90a8e09601f375262e,1752764420,p_sweep/4192nm_175mw3.csv
main,4192nm_175mw4.csv,6dc5367e53fa069691d357a846b87c75,1752764426,p_sweep/4192nm_175mw4.csv
main,4192nm_175mw5.csv,4677e9db4ae5afa42d1dd76a3b949009,1752764434,p_sweep/4192nm_175mw5.csv
main,4192nm_225mw1 - Copy.csv,f3ea23de01fcdddd434643a86a373b51,1755362920,
main,4192nm_225mw1.csv,6948acbcc35204d197ab8ed921ec74ce,1752763654,
main,4192nm_225mw1copy.csv,f3ea23de01fcdddd434643a86a373b51,1755363078,
main,4192nm_225mw2.csv,e0a2630514882c03559280d8975cb847,1752763662,p_sweep/4192nm_225mw2.csv
main,4192nm_225mw3.csv,0cb8f9d0df318f57384f496c480242d6,1752763670,p_sweep/4192nm_225mw3.csv
main,4192nm_225mw4.csv,ea205bcd1e507f6d0b969ff0a00b78ce,1752763676,p_sweep/4192nm_225mw4.csv
main,4192nm_225mw5.csv,d2717f4569503726de4390512139f50c,1752763682,p_sweep/4192nm_225mw5.csv
main,4192nm_eom_090c1.csv,eeed78a81f56ed8803de20598ba0a1ba,1752829520,rulers_t/4192nm_eom_090c1.csv
main,4192nm_eom_090c2.csv,c5ed929c39f28a582c2b24c3c7b85478,1752829524,rulers_t/4192nm_eom_090c2.csv
main,4192nm_eom_090c3.csv,dcb01abab5f76ace0f1dfca4c0231f42,1752829534,rulers_t/4192nm_eom_090c3.csv
main,4192nm_eom_090c4.csv,dcb01abab5f76ace0f1dfca4c0231f42,1752829536,rulers_t/4192nm_eom_090c3.csv
main,4192nm_eom_090c5.csv,26f6b98f17491a6fadc34c747554951a,1752829542,rulers_t/4192nm_eom_090c5.csv
main,4192nm_eom_090c6.csv,27d07d2d1118b3967e05ff474e2b2f0f,1752829550,rulers_t/4192nm_eom_090c6.csv
main,4192nm_eom_110c1.csv,2334455305fb61452b32319ea97b126e,1752790770,rulers_t/4192nm_eom_110c1.csv
main,4192nm_eom_110c2.csv,ad579b6a2201d8553d4169fa7dbf1a92,1752790776,rulers_t/4192nm_eom_110c2.csv
main,4192nm_eom_110c3.csv,ab891f7c8690401dae7dfa5d185178be,1752790784,rulers_t/4192nm_eom_110c3.csv
main,4192nm_eom_110c4.csv,a7bec3998e3cc598be882ea9e58ec596,1752790792,rulers_t/4192nm_eom_110c4.csv
main,4192nm_eom_110c5.csv,dfc82f7f4476ce466c6ee0cda0ef5225,1752790800,rulers_t/4192nm_eom_110c5.csv
main,4192nm_eom_after1.csv,0e7d6da93d3156b74ec598bd0bff72b7,1752765308,rulers_p/4192nm_eom_after1.csv
main,4192nm_eom_after2.csv,2a3b80c04e439818c9e28b75b05c6695,1752765328,rulers_p/4192nm_eom_after2.csv
main,4192nm_eom_after3.csv,1d55b47cdbcc72bf4bcf2ebecbb94795,1752765340,rulers_p/4192nm_eom_after3.csv
main,4192nm_eom_after4.csv,1d55b47cdbcc72bf4bcf2ebecbb94795,1752765342,rulers_p/4192nm_eom_after3.csv
main,4192nm_eom_after5.csv,981caffc0f9cedd117134fff9d7ba823,1752765368,rulers_p/4192nm_eom_after5.csv
main,4192nm_eom_after6.csv,9d9854a121ced59c9c32e970c68b3d6c,1752765388,rulers_p/4192nm_eom_after6.csv
main,4192nm_eom_before1.csv,620cac0a359e3a3cdeb3d5c6439c69e5,1752763178,rulers_p/4192nm_eom_before1.csv
main,4192nm_eom_before2.csv,377a1550a599a0bf8dcc43c8f33e77f4,1752763192,rulers_p/4192nm_eom_before2.csv
main,4192nm_eom_before3.csv,f811d92c79e5ba62ca0479cc5b9536b8,1752763248,rulers_p/4192nm_eom_before3.csv
main,4192nm_eom_before4.csv,2326a02f59565fd5886b954200305afe,1752763290,rulers_p/4192nm_eom_before4.csv
main,4192nm_eom_before5.csv,fb9fe7b4026cf60cef83d9684afcc904,1752763364,rulers_p/4192nm_eom_before5.csv
main,4192nm_eom_before6.csv,120060a723ad42b4d160ed1e6f93c60a,1752763388,rulers_p/4192nm_eom_before6.csv
main,4207nm_025mw1.csv,ba383216990dd63856f2085caf3c8138,1752767232,p_sweep/4207nm_025mw1.csv
main,4207nm_025mw2.csv,7ec1bf1a1f3cb00f5583b26917c18b4b,1752767294,discarded/4207nm_025mw2.csv
main,4207nm_025mw3.csv,fd1d139e3f8d16bb5d5f01af3a0609f0,1752767314,p_sweep/4207nm_025mw3.csv
main,4207nm_025mw4.csv,93a1963124afef625390f91686b92e2a,1752767324,p_sweep/4207nm_025mw4.csv
main,4207nm_025mw5.csv,18c90cb23e6c1eb25df7b1469483e620,1752767344,p_sweep/4207nm_025mw5.csv
main,4207nm_025mw6.csv,26bfc6424a1ef9304581322f84f196f8,1752767354,p_sweep/4207nm_025mw2.csv
main,4207nm_070c1.csv,83f1cb61ac084807499867603671a8b2,1752837376,t_sweep/4207nm_070c1.csv
main,4207nm_070c2.csv,996767ec8291ca09d5209371f78f268b,1752837452,discarded/4207nm_070c2.csv
main,4207nm_070c3.csv,fe488973b5c78b0994ec81299055c3bb,1752837458,t_sweep/4207nm_070c3.csv
main,4207nm_070c4.csv,315d3e5cf3e4065eb988749532f1daea,1752837466,t_sweep/4207nm_070c4.csv
main,4207nm_070c5.csv,7116c3fc79e4d023d92e838a9da9f636,1752837472,t_sweep/4207nm_070c5.csv
main,4207nm_070c6.csv,94382e1bd6c2a43509fcada8a66cef47,1752837478,t_sweep/4207nm_070c2.csv
main,4207nm_075mw1.csv,d78d3da42ca0a0b68000d2e80b8cbc9e,1752766982,p_sweep/4207nm_075mw1.csv
main,4207nm_075mw2.csv,4984f12823bd179e50ddd5d58ae03340,1752766988,p_sweep/4207nm_075mw2.csv
main,4207nm_075mw3.csv,87d678abffafa6d7b6693d6380a194ef,1752766996,p_sweep/4207nm_075mw3.csv
main,4207nm_075mw4.csv,ef53c38da86951a2626e84343ef50cdb,1752767000,p_sweep/4207nm_075mw4.csv
main,4207nm_075mw5.csv,4196a47ddc690d9604d1f1012f580921,1752767008,p_sweep/4207nm_075mw5.csv
main,4207nm_090c1.csv,2df138a63b4752bf8b114ca484da9b4d,1752830114,t_sweep/4207nm_090c2.csv
main,4207nm_090c2.csv,2df138a63b4752bf8b114ca484da9b4d,1752830118,t_sweep/4207nm_090c2.csv
main,4207nm_090c3.csv,f0d809c2829e059bfd7ef21d3a93b34a,1752830136,t_sweep/4207nm_090c3.csv
main,4207nm_090c4.csv,3ac267107ab468d8134b9a6eb6fb3f0c,1752830144,t_sweep/4207nm_090c4.csv
main,4207nm_090c5.csv,85602f8a25990c32324fa25afa47e7a0,1752830164,t_sweep/4207nm_090c5.csv
main,4207nm_090c6.csv,9d990f39ce9ef4a0440e76d1d5b0afb7,1752830170,t_sweep/4207nm_090c1.csv
main,4207nm_110c1.csv,324da5c8073f0c1523ddde8d1ea43f56,1752792120,t_sweep/4207nm_110c1.csv
main,4207nm_110c2.csv,5e43bfe907ca01cf55482c9f05cb1cc9,1752792128,t_sweep/4207nm_110c2.csv
main,4207nm_110c3.csv,a915918240313fcb16f5cff6a62dc9d9,1752792136,t_sweep/4207nm_110c3.csv
main,4207nm_110c4.csv,ca1f98e65af7862877e0d56f10b8851f,1752792142,t_sweep/4207nm_110c4.csv
main,4207nm_110c5.csv,244538f4b49cd3bb2e9f4b4768aca58e,1752792150,t_sweep/4207nm_110c5.csv
main,4207nm_125mw1.csv,d6745dd736652385a72bdc419c53aef3,1752766846,p_sweep/4207nm_125mw1.csv
main,4207nm_125mw2.csv,8d1a331ff59867e0737327c45d670f38,1752766852,p_sweep/4207nm_125mw2.csv
main,4207nm_125mw3.csv,49ed5a10d62b716cc3a31ef20656b4ec,1752766858,p_sweep/4207nm_125mw3.csv
main,4207nm_125mw4.csv,ec6cff0843987b12755e516e072ae7e6,1752766864,p_sweep/4207nm_125mw4.csv
main,4207nm_125mw5.csv,837e7b065b50aa74fd25215e3a7d3eb0,1752766872,p_sweep/4207nm_125mw5.csv
main,4207nm_175mw1.csv,ab66dc776fdfc9943aaaabbef3f466e8,1752766602,p_sweep/4207nm_175mw1.csv
main,4207nm_175mw2.csv,7546df6379cec279cb254ebd35c26bb3,1752766610,p_sweep/4207nm_175mw2.csv
main,4207nm_175mw3.csv,202c0aa49014cf10e314071494c843d8,1752766738,p_sweep/4207nm_175mw3.csv
main,4207nm_175mw4.csv,2deb1c635397e49da93f777f2c394969,1752766744,p_sweep/4207nm_175mw4.csv
main,4207nm_175mw5.csv,3dbae4af4c7bfc58c17ec3378f5db0c3,1752766750,p_sweep/4207nm_175mw5.csv
main,4207nm_225mw1.csv,1f924358f4372b43dfdeb236aebb6707,1752766324,p_sweep/4207nm_225mw1.csv
main,4207nm_225mw2.csv,66ea22fb87e3f012089f6b97bca5cfec,1752766338,p_sweep/4207nm_225mw2.csv
main,4207nm_225mw3.csv,f75eaf71d7c77a49c8bbda00c1817ca0,1752766352,p_sweep/4207nm_225mw3.csv
main,4207nm_225mw4.csv,0cd929707a615c094e047a3262a0fcbd,1752766360,p_sweep/4207nm_225mw4.csv
main,4207nm_225mw5.csv,262f5675bb60a7fd9cc59448964acb38,1752766372,p_sweep/4207nm_225mw5.csv
main,4207nm_eom_070c1.csv,4355be82ab8add7e794cb516d4f7d670,1752837864,rulers_t/4207nm_eom_070c1.csv
main,4207nm_eom_070c2.csv,808fe8d2194100889a7fb037bae196a7,1752837880,rulers_t/4207nm_eom_070c2.csv
main,4207nm_eom_070c3.csv,3be164f79b74f654ac09b0004e9ba113,1752837946,rulers_t/4207nm_eom_070c3.csv
main,4207nm_eom_070c4.csv,f61315305db4907cc82710913ec55e74,1752837966,rulers_t/4207nm_eom_070c4.csv
main,4207nm_eom_070c5.csv,54c03dc6363a03a3ee2ee997b311999f,1752837994,rulers_t/4207nm_eom_070c5.csv
main,4207nm_eom_090c1.csv,01939ff544ef94fa492aafc575d2f056,1752829944,rulers_t/4207nm_eom_090c1.csv
main,4207nm_eom_090c2.csv,86ba65b15ef510d5bc25cba5aec134f0,1752829950,rulers_t/4207nm_eom_090c2.csv
main,4207nm_eom_090c3.csv,307414e6cd031c2c96feab0f120d8b63,1752829956,rulers_t/4207nm_eom_090c3.csv
main,4207nm_eom_090c4.csv,e0a2e9dc31224d3dcf759edbbc568ca1,1752829960,rulers_t/4207nm_eom_090c4.csv
main,4207nm_eom_090c5.csv,b72979ccef4a27548aff65756edce71f,1752829966,rulers_t/4207nm_eom_090c5.csv
main,4207nm_eom_090c6.csv,13c366886131bba09f4512442a57bd0d,1752829974,rulers_t/4207nm_eom_090c6.csv
main,4207nm_eom_110c1.csv,c17a317095f27279243b34ca64e0d69f,1752791796,rulers_t/4207nm_eom_110c1.csv
main,4207nm_eom_110c2.csv,35efa8757bb1494229ebd4e1fc557126,1752791802,rulers_t/4207nm_eom_110c2.csv
main,4207nm_eom_110c3.csv,61c83ba610fedcf045580969729a98d0,1752791820,rulers_t/4207nm_eom_110c3.csv
main,4207nm_eom_110c4.csv,f30103ab290559999b33d414683eba28,1752791826,rulers_t/4207nm_eom_110c4.csv
main,4207nm_eom_110c5.csv,ba1b29eb4e453b1dd217b5fba804c701,1752791832,rulers_t/4207nm_eom_110c5.csv
main,4207nm_eom_after1.csv,eabd71049d4a5262b71ab54e3cc14f19,1752768188,rulers_p/4207nm_eom_after1.csv
main,4207nm_eom_after2.csv,f34fbf0650b7ebf22d68c23fd68bf6b6,1752768204,rulers_p/4207nm_eom_after2.csv
main,4207nm_eom_after3.csv,6ff5161373322dcce37724f32a838ff7,1752768226,rulers_p/4207nm_eom_after3.csv
main,4207nm_eom_after4.csv,52c5bca4caa9f5c6ad322c80159e9813,1752768240,rulers_p/4207nm_eom_after4.csv
main,4207nm_eom_after5.csv,fb09474bae8ad14207bd2d98cbd52fac,1752768250,rulers_p/4207nm_eom_after5.csv
main,4207nm_eom_before1.csv,1a234b6754bff58762cc9c38137ef33d,1752765914,rulers_p/4207nm_eom_before1.csv
main,4207nm_eom_before2.csv,8d886be9eb66a43450265a41472a4cec,1752765958,rulers_p/4207nm_eom_before2.csv
main,4207nm_eom_before3.csv,808da58a36e3f98e2d0958134f9fd283,1752765972,rulers_p/4207nm_eom_before3.csv
main,4207nm_eom_before4.csv,64816b2b4ceff8e6033ab925df15ffa7,1752765994,rulers_p/4207nm_eom_before4.csv
main,4207nm_eom_before5.csv,aa4d16a651352396af46e5012a82d883,1752766004,rulers_p/4207nm_eom_before5.csv
main,script_plotting_one_CSV_from_TiSapph.jl,8e328566a44b08d367527e80c3ade52e,1755363842,
main,test1.png,16cce6740e96042c3a670a35abe234d5,1755363004,
main,test2.png,8dd8953462de8ca92eade1cfb060d119,1755363582,
main,test3.png,d28ccd7babb4144c0d23b263dfb986b0,1755363844,
pilot,4192nm91c650ma/4192nm91c650ma035mw1.csv,ef07690f8e9d91c2a4153924c2a987d4,1752703356,
pilot,4192nm91c650ma/4192nm91c650ma035mw2.csv,9fbcfed3c093dfa8d82fb9aa96e7b269,1752703380,
pilot,4192nm91c650ma/4192nm91c650ma035mw3.csv,7d14033cbaaba7f1dd38aaad0d8d591d,1752703394,
pilot,4192nm91c650ma/4192nm91c650ma035mw4.csv,26271d42da8b909172e7ccd860c01340,1752703400,
pilot,4192nm91c650ma/4192nm91c650ma035mw5.csv,37fe5eb1eff571b1f1b4c029dab72824,1752703414,
pilot,4192nm91c650ma/4192nm91c650ma035mw6.csv,df6a361d0ca5bb37ad81099fe6fdfe78,1752703420,
pilot,4192nm91c650ma/4192nm91c650ma035mw7.csv,09dc5b1945bbd3e37bfad7686fb3a851,1752703428,
pilot,4192nm91c650ma/4192nm91c650ma035mw8.csv,8a6e5c5d6234b4e74f1d82616cfb6eff,1752703434,
pilot,4192nm91c650ma/4192nm91c650ma070mw1.csv,e2565eb312a321050be3fb93175d63f4,1752703604,
pilot,4192nm91c650ma/4192nm91c650ma070mw2.csv,30c51a2dc8564d903fb1dd7478ee64db,1752703616,
pilot,4192nm91c650ma/4192nm91c650ma070mw3.csv,2ac6c93fa050d6d99f24b1bed15e5366,1752703622,
pilot,4192nm91c650ma/4192nm91c650ma070mw4.csv,015bc8c17bef80dd3b6cead88cd1dfcf,1752703636,
pilot,4192nm91c650ma/4192nm91c650ma070mw5.csv,2c12a36ec6605cc266bc97e9d171ccef,1752703642,
pilot,4192nm91c650ma/4192nm91c650ma070mw6.csv,3c27bd30909f8afa92b903b5d3c86174,1752703652,
pilot,4192nm91c650ma/4192nm91c650ma105mw1.csv,0db2671c8d884f2ddf1823be431c9a2e,1752703836,
pilot,4192nm91c650ma/4192nm91c650ma105mw2.csv,d5805b4a0929c3526342f382e1595e59,1752703844,
pilot,4192nm91c650ma/4192nm91c650ma105mw3.csv,b105a237e54097c074da0ba8f24ffa56,1752703848,
pilot,4192nm91c650ma/4192nm91c650ma105mw4.csv,b8c5a3018861d545b768d1225fea60e5,1752703856,
pilot,4192nm91c650ma/4192nm91c650ma105mw5.csv,6a6fb2b9e97a836bf5c7c9d2a1da787c,1752703864,
pilot,4192nm91c650ma/4192nm91c650ma105mw6.csv,79541d150e15e2f250fe661574add645,1752703872,
pilot,4192nm91c650ma/4192nm91c650ma210mw1.csv,f14736d47f970a590350db2f5048c169,1752702866,
pilot,4192nm91c650ma/4192nm91c650ma210mw2.csv,f221e29ddbdc54b474fcf06185b58d0d,1752702878,
pilot,4192nm91c650ma/4192nm91c650ma210mw3.csv,08eb4804fbdc4bdb965c286b79dac395,1752702896,
pilot,4192nm91c650ma/4192nm91c650ma210mw4.csv,05cfe3780ad8b5b4cc3fb4cd3fcea3db,1752702904,
pilot,4192nm91c650ma/4192nm91c650ma210mw5.csv,c6519212230993aae5d4d958756917c2,1752702910,
pilot,4192nm91c650ma/4192nm91c650ma210mw6.csv,b2ff32fc9cc6112566830bc86fe881c9,1752702968,
pilot,EOM ruler/Def/eom_def_hr_1.csv,e410e85ebc3ccec8e4b0067599e4a466,1752701502,
pilot,EOM ruler/Def/eom_def_hr_2.csv,ba2d8fab869075efeefe6843e64d651d,1752701522,
pilot,EOM ruler/Def/eom_def_hr_3.csv,ff9336f9f1a4f372b1704842e76d8514,1752701572,
pilot,EOM ruler/Def/eom_def_hr_4.csv,664060a4e30b0086454b6def99191a73,1752701592,
pilot,EOM ruler/Def/eom_def_hr_5.csv,f65394907521d76208406455d07e03da,1752701616,
pilot,EOM ruler/Def/eom_def_no_1.csv,3fc34e71b06d331d318a315ae5d510f5,1752701276,
pilot,EOM ruler/Def/eom_def_no_2.csv,7cb4ec45f39f06071d21b73db9c7aa5e,1752701308,
pilot,EOM ruler/Def/eom_def_no_3.csv,c70a3dd745dc287e0f653a4b56988029,1752701326,
pilot,EOM ruler/Def/eom_def_no_4.csv,18b07680615013222dad2b6439926fe4,1752701340,
pilot,EOM ruler/Def/eom_def_no_5.csv,87baa617fc58be4a8c6d2cada961d337,1752701364,
pilot,EOM ruler/Initial attempts/eom_hr1.csv,51726b8ac0ba9a49902bbe2bdb394d45,1752693716,
pilot,EOM ruler/Initial attempts/eom_hr2.csv,18091ad68829d04a3f8bd2160420ad18,1752693756,
pilot,EOM ruler/Initial attempts/eom_hr3.csv,27f93a6077161692ea9b91a600410878,1752693814,
pilot,EOM ruler/Initial attempts/eom_hr4.csv,22d090974cdb449834b679c6bd5bcfd0,1752693840,
pilot,EOM ruler/Initial attempts/eom_hr5.csv,db075857d5cdd2c6e026eb22de84fff3,1752693850,
pilot,EOM ruler/Initial attempts/eom_hradj1.csv,e7f418d9d0049a1a8cca6db584aa705c,1752701004,
pilot,EOM ruler/Initial attempts/eom_hradj2.csv,5aa86ac8028c11515d8d76bf46c70cae,1752701014,
pilot,EOM ruler/Initial attempts/eom_n1.csv,90b91fc7ad34e44a91ea1247e1a6cdbf,1752693502,
pilot,EOM ruler/Initial attempts/eom_n2.csv,3a3707dd47d16d8eaec24273ba6c8106,1752693528,
pilot,EOM ruler/Initial attempts/eom_n3.csv,246df48b4882388ddafad5702f82b9f1,1752693560,
pilot,EOM ruler/Initial attempts/eom_n4.csv,2184041d97d4ddd98c162e0c62bfbd3a,1752693582,
pilot,EOM ruler/Initial attempts/eom_n5.csv,cca6f49aa8f0a624a4ae2f33fb8f5c53,1752693598,
pilot,EOM ruler/Initial attempts/eom_n_adj1.csv,7687a67e81864c5bb04fc8c0bf40e078,1752700810,
pilot,EOM ruler/Initial attempts/eom_n_adj2.csv,4d15a694b0405efd9ced254e6b21109d,1752700834,
pilot,EOM ruler/Initial attempts/eom_n_adj3.csv,3936c0a5d6b1d11d56c56fc1d8bc82d8,1752700856,
pilot,EOM ruler/Initial attempts/eom_n_adj4.csv,6886f13c5e6aed071c587ba454bacd37,1752700894,
pilot,EOM ruler/Initial attempts/eom_n_adj5.csv,1b9757a182fa792d7887f4336004dc7c,1752700914,
prehistory,"2025-07-03/EOM, 993.4192 [nm], T 80 [C], A 0.80 [A], high resolution 1.csv",83ceefebc7d27d6b6e01d43a9fec2288,1751568118,
prehistory,"2025-07-03/EOM, 993.4192 [nm], T 80 [C], A 0.80 [A], high resolution 2.csv",972dbc3c3a50571321bdb1528c99681c,1751568210,
prehistory,"2025-07-03/EOM, 993.4192 [nm], T 80 [C], A 0.80 [A], normal 1.csv",0db9195acd11622411f3f31c36a6cf41,1751567842,
prehistory,"2025-07-03/EOM, 993.4192 [nm], T 80 [C], A 0.80 [A], normal 2.csv",1ad1767afc591b67e805158111dd0b1a,1751568060,
prehistory,2025-07-04/C2L=993.4121nm_G=10^6_T=130C(90C-0.65A)_P=090mW_n00000.csv,2d914bb474926db1cca82b15730be56e,1751646296,
prehistory,2025-07-04/C2L=993.4121nm_G=10^6_T=130C(90C-0.65A)_P=090mW_n00001.csv,4115424071abb36306090440d72811d8,1751646310,
prehistory,2025-07-04/C2L=993.4121nm_G=10^6_T=130C(90C-0.65A)_P=090mW_n00002.csv,25c38936da4e60a3752f6e43aad11876,1751646324,
prehistory,2025-07-04/C2L=993.4121nm_G=10^6_T=130C(90C-0.65A)_P=090mW_n00003.csv,f537e5899658d763d1673cd831eca13a,1751646344,
prehistory,2025-07-04/C2L=993.4121nm_G=10^6_T=130C(90C-0.65A)_P=090mW_n00004.csv,e19a32f4775f468958520f6ea1662ea8,1751646366,
prehistory,2025-07-04/C2L=993.4121nm_G=10^6_T=130C(90C-0.65A)_P=180mW_n00000.csv,e45159b32f3b9529ecf104e580d014fe,1751646806,
prehistory,2025-07-04/C2L=993.4121nm_G=10^6_T=130C(90C-0.65A)_P=180mW_n00001.csv,1cc9b5bb87f2606ccf4bb8df99aaebd9,1751646820,
prehistory,2025-07-04/C2L=993.4121nm_G=10^6_T=130C(90C-0.65A)_P=180mW_n00002.csv,b3c0ebe62bf97717d0673a58a6fd96c5,1751646836,
prehistory,2025-07-04/C2L=993.4121nm_G=10^6_T=130C(90C-0.65A)_P=180mW_n00003.csv,6d7cb8127d9b07127d4b9799e010794d,1751646868,
prehistory,2025-07-04/C2L=993.4121nm_G=10^6_T=130C(90C-0.65A)_P=180mW_n00004.csv,455aae018801c9b9c755e49e7982fb4c,1751646898,
prehistory,2025-07-04/C2L=993.4121nm_G=10^6_T=130C(90C-0.65A)_P=270mW_n00000.csv,f000e9cfd33a799c19dacfb0c2f3b556,1751647036,
prehistory,2025-07-04/C2L=993.4121nm_G=10^6_T=130C(90C-0.65A)_P=270mW_n00001.csv,21a9e93ad3b2b00d969c9704b08cb5ea,1751647052,
prehistory,2025-07-04/C2L=993.4121nm_G=10^6_T=130C(90C-0.65A)_P=270mW_n00002.csv,01f2d65e4742774c789af73eda4a5908,1751647076,
prehistory,2025-07-04/C2L=993.4121nm_G=10^6_T=130C(90C-0.65A)_P=270mW_n00003.csv,3280e983d57877614139d3a5885d9deb,1751647094,
prehistory,2025-07-04/C2L=993.4121nm_G=10^6_T=130C(90C-0.65A)_P=270mW_n00004.csv,8958ff4e20f3e7d9a09a6f4c57c3a0e1,1751647118,
prehistory,2025-07-04/C2L=993.4154nm_G=10^6_T=130C(90C-0.65A)_P=270mW_n00000.csv,9e42465998ab0cf7f02fa0fbf65eeab5,1751644472,
prehistory,2025-07-04/C2L=993.4154nm_G=10^6_T=130C(90C-0.65A)_P=270mW_n00001.csv,6b62fb411ce61da169f30c043c99341f,1751644504,
prehistory,2025-07-04/C2L=993.4154nm_G=10^6_T=130C(90C-0.65A)_P=270mW_n00002.csv,1465b9bbd0d753dafbc9ca5cbf023050,1751644522,
prehistory,2025-07-04/C2L=993.4154nm_G=10^6_T=130C(90C-0.65A)_P=270mW_n00003.csv,e02466266e41140b3f85e2fc936ecb92,1751644542,
prehistory,2025-07-04/C2L=993.4154nm_G=10^6_T=130C(90C-0.65A)_P=270mW_n00004.csv,13d759650dfd7ce1d86377ab8d785836,1751644556,
prehistory,2025-07-04/C2L=993.4192nm_G=10^6_T=130C(90C-0.65A)_P=090mW_n00000.csv,1396348f0d4d0e8bd7e0d79998bfde8b,1751642402,
prehistory,2025-07-04/C2L=993.4192nm_G=10^6_T=130C(90C-0.65A)_P=090mW_n00001.csv,0ec702dd0e6ed935e80d234f338f3e36,1751642426,
prehistory,2025-07-04/C2L=993.4192nm_G=10^6_T=130C(90C-0.65A)_P=090mW_n00002.csv,d245c43295769d7e7a7360ef2990b8f1,1751642458,
prehistory,2025-07-04/C2L=993.4192nm_G=10^6_T=130C(90C-0.65A)_P=090mW_n00003.csv,f280f12e4b93f5173ebf35b960e8fef8,1751642478,
prehistory,2025-07-04/C2L=993.4192nm_G=10^6_T=130C(90C-0.65A)_P=090mW_n00004.csv,e6fcd5f53de557d1b7dee9b7a3fd4eea,1751642508,
prehistory,2025-07-04/C2L=993.4192nm_G=10^6_T=130C(90C-0.65A)_P=180mW_n00000.csv,60a004b7ff3d69234c25e8aa6ee62063,1751642126,
prehistory,2025-07-04/C2L=993.4192nm_G=10^6_T=130C(90C-0.65A)_P=180mW_n00001.csv,dc1c78c280ac5831499c6a80977a7285,1751642152,
prehistory,2025-07-04/C2L=993.4192nm_G=10^6_T=130C(90C-0.65A)_P=180mW_n00002.csv,92dd77b23f1961cf4865074a6db2cdb4,1751642190,
prehistory,2025-07-04/C2L=993.4192nm_G=10^6_T=130C(90C-0.65A)_P=180mW_n00003.csv,ad731e490839b07c5c30e4155d6cdd12,1751642206,
prehistory,2025-07-04/C2L=993.4192nm_G=10^6_T=130C(90C-0.65A)_P=180mW_n00004.csv,57f20cce80e74c83304504443ef93ea5,1751642232,
prehistory,2025-07-04/C2L=993.4192nm_G=10^6_T=130C(90C-0.65A)_P=270mW_n00000.csv,b9e0b004250a4f84a404d8f235308fc5,1751641514,
prehistory,2025-07-04/C2L=993.4192nm_G=10^6_T=130C(90C-0.65A)_P=270mW_n00001.csv,dace25fa3bc40e5ad09537c0973b3072,1751641756,
prehistory,2025-07-04/C2L=993.4192nm_G=10^6_T=130C(90C-0.65A)_P=270mW_n00002.csv,8fee5684cb9001afb5f3cda78c575675,1751641792,
prehistory,2025-07-04/C2L=993.4192nm_G=10^6_T=130C(90C-0.65A)_P=270mW_n00003.csv,f3c330f836adccc77ab2e129abefc2c8,1751635982,
prehistory,2025-07-04/C2L=993.4192nm_G=10^6_T=130C(90C-0.65A)_P=270mW_n00004.csv,a9976bd73fb491e4020f208eae609776,1751635908,
prehistory,2025-07-04/C2L=993.4207nm_G=10^6_T=130C(90C-0.65A)_P=090mW_n00000.csv,b6c20817fe384cbb8547986fc0e0c3e7,1751643168,
prehistory,2025-07-04/C2L=993.4207nm_G=10^6_T=130C(90C-0.65A)_P=090mW_n00001.csv,e14e9c65cfa1652be5f76a5f44cf642c,1751643184,
prehistory,2025-07-04/C2L=993.4207nm_G=10^6_T=130C(90C-0.65A)_P=090mW_n00002.csv,d648be8a2310d98fbb06f337f7dce7cc,1751643198,
prehistory,2025-07-04/C2L=993.4207nm_G=10^6_T=130C(90C-0.65A)_P=090mW_n00003.csv,afbbd1a6102536ecc4b0308617edccdb,1751643212,
prehistory,2025-07-04/C2L=993.4207nm_G=10^6_T=130C(90C-0.65A)_P=090mW_n00004.csv,19aa8765af05792dab275183bbbcf0b3,1751643254,
prehistory,2025-07-04/C2L=993.4207nm_G=10^6_T=130C(90C-0.65A)_P=180mW_n00000.csv,304e2f60827b9ebe3ca50beab7034c1f,1751643466,
prehistory,2025-07-04/C2L=993.4207nm_G=10^6_T=130C(90C-0.65A)_P=180mW_n00001.csv,1752582ed641d20ec3f4d819ac11f53f,1751643492,
prehistory,2025-07-04/C2L=993.4207nm_G=10^6_T=130C(90C-0.65A)_P=180mW_n00002.csv,e8b845bd47841417f229f851a15a379b,1751643506,
prehistory,2025-07-04/C2L=993.4207nm_G=10^6_T=130C(90C-0.65A)_P=180mW_n00003.csv,d0e58b8c52ea7863153361ca994ce83b,1751643566,
prehistory,2025-07-04/C2L=993.4207nm_G=10^6_T=130C(90C-0.65A)_P=180mW_n00004.csv,dd9fb3aac69f57e95d77e71259cf5cb6,1751643598,
prehistory,2025-07-04/C2L=993.4207nm_G=10^6_T=130C(90C-0.65A)_P=270mW_n00000.csv,e1d9ecb2adc9104676ae8ad729ee39ae,1751643816,
prehistory,2025-07-04/C2L=993.4207nm_G=10^6_T=130C(90C-0.65A)_P=270mW_n00001.csv,1439d65af019b4b9fa5051ec6a791961,1751643838,
prehistory,2025-07-04/C2L=993.4207nm_G=10^6_T=130C(90C-0.65A)_P=270mW_n00002.csv,afe483bd02978895302d804bede6e4c1,1751643884,
prehistory,2025-07-04/C2L=993.4207nm_G=10^6_T=130C(90C-0.65A)_P=270mW_n00003.csv,39c5bb610bc53dcd3ef37eb11616c867,1751643908,
prehistory,2025-07-04/C2L=993.4207nm_G=10^6_T=130C(90C-0.65A)_P=270mW_n00004.csv,8a84e99e4923dcb9a99db1b466fd57c7,1751643930,
rawdata2,4192nm_225mw1.csv,78c39fd84eb4da6a3f66bad00724207d,1755375338,
rawdata2,4192nm_225mw1copy.csv,f3ea23de01fcdddd434643a86a373b51,1755363078,
rawdata2,4192nm_225mw2.csv,e0a2630514882c03559280d8975cb847,1752763662,p_sweep/4192nm_225mw2.csv
rawdata2,4192nm_225mw3.csv,0cb8f9d0df318f57384f496c480242d6,1752763670,p_sweep/4192nm_225mw3.csv
rawdata2,4192nm_225mw4.csv,ea205bcd1e507f6d0b969ff0a00b78ce,1752763676,p_sweep/4192nm_225mw4.csv
rawdata2,4192nm_225mw5.csv,d2717f4569503726de4390512139f50c,1752763682,p_sweep/4192nm_225mw5.csv
