t_s,ch1_div,ch2_div
-0.00075,0.3094,0.8118
0.00640,0.4122,0.8133
0.01356,0.7823,0.8168
0.02071,0.1655,0.8236
0.02787,0.1695,0.8349
0.03502,0.1695,0.8788
0.04217,0.1999,0.8979
0.04933,0.9051,0.9234
0.05648,1.2455,0.9438
0.06364,4.1370,0.9455
0.07079,4.1962,0.9470
0.07795,4.2699,0.9513
0.08510,4.2380,0.9847
0.09225,4.1997,1.0159
0.09941,4.1565,1.0108
0.10656,1.2871,1.0089
0.11372,1.2853,1.0108
0.12087,1.2926,1.0126
0.12802,1.3084,1.0220
0.13518,1.3309,1.0266
0.14233,1.3403,1.0266
0.14949,1.3596,1.0286
0.15664,1.3610,1.0305
0.16380,1.3821,1.0831
0.17095,1.3930,1.1441
0.17810,1.4227,1.3001
0.18526,1.4877,1.7351
0.19241,1.4710,2.0031
0.19957,1.4805,2.9560
0.20672,1.5034,3.4414
0.21387,1.5428,1.6076
0.22103,1.5499,1.0275
0.22818,1.5551,1.0266
0.23534,1.5744,1.0246
0.24249,1.5954,1.0246
0.24965,1.6138,1.0246
0.25680,1.6237,1.0266
0.26395,1.6619,1.0286
0.27111,1.6690,1.0286
0.27826,1.6879,1.0298
0.28542,1.7099,1.0305
0.29257,1.7323,1.0305
0.29972,1.7438,1.0305
0.30688,1.7557,1.0305
0.31403,1.7790,1.0305
0.32119,1.7813,1.0325
0.32834,1.8148,1.0325
0.33549,1.8187,1.0339
0.34265,1.8393,1.0345
0.34980,1.8443,1.0345
0.35696,1.8776,1.0345
0.36411,1.8837,1.0365
0.37127,1.8966,1.0384
0.37842,1.9291,1.0449
0.38557,1.9272,1.0522
0.39273,1.9593,1.0542
0.39988,1.9617,1.0522
0.40704,1.9951,1.0528
0.41419,1.9927,1.0621
0.42134,2.0473,1.0621
0.42850,2.0473,1.0621
0.43565,2.0868,1.0621
0.44281,2.1005,1.0640
0.44996,2.1301,1.0643
0.45712,2.1340,1.0621
0.46427,2.1340,1.0581
0.47142,1.2716,1.0581
0.47858,2.0607,1.0581
0.48573,2.2009,1.0634
0.49289,2.2127,1.0778
0.50004,2.2457,1.0814
0.50719,2.2523,1.0759
0.51435,2.2467,1.0812
0.52150,1.7094,1.0818
0.52866,1.1317,1.0818
0.53581,1.1330,1.0797
0.54297,2.0278,1.0832
0.55012,2.3606,1.0857
0.55727,1.6049,1.0837
0.56443,1.1448,1.0857
0.57158,1.1448,1.0802
0.57874,1.1312,1.0858
0.58589,1.1376,1.0942
0.59304,2.4539,1.1017
0.60020,2.4709,1.1405
0.60735,1.1842,1.1738
0.61451,1.9015,1.3621
0.62166,2.5401,1.7697
0.62882,2.5995,2.1215
0.63597,2.6266,2.5985
0.64312,2.5993,3.4527
0.65028,1.1507,4.1798
0.65743,2.4750,4.8969
0.66459,2.6384,1.0876
0.67174,1.1378,1.0818
0.67889,1.1330,1.0795
0.68605,1.1291,1.0699
0.69320,1.9231,1.0666
0.70036,1.1295,1.0640
0.70751,1.7656,1.0605
0.71466,1.1310,1.0601
0.72182,2.7955,1.0601
0.72897,2.8038,1.0562
0.73613,2.8237,1.0581
0.74328,1.1094,1.0581
0.75044,2.8588,1.0566
0.75759,1.9450,1.0522
0.76474,1.6229,1.0443
0.77190,2.8567,1.0444
0.77905,1.0963,1.0467
0.78621,1.1029,1.0373
0.79336,1.0798,1.0260
0.80051,2.9892,1.0227
0.80767,1.2387,1.0190
0.81482,1.0739,1.0187
0.82198,2.0670,1.0141
0.82913,2.0672,1.0037
0.83629,3.0818,1.0030
0.84344,1.0644,1.0030
0.85059,1.0502,0.9978
0.85775,1.0305,1.0030
0.86490,2.1103,0.9958
0.87206,2.4510,0.9937
0.87921,3.2048,0.9931
0.88636,3.2177,0.9892
0.89352,3.2294,0.9833
0.90067,3.2487,0.9813
0.90783,3.2549,0.9773
0.91498,3.2895,0.9749
0.92214,3.2867,0.9754
0.92929,3.3044,0.9714
0.93644,1.0266,0.9694
0.94360,3.3714,0.9675
0.95075,3.3772,0.9732
0.95791,3.1373,0.9620
0.96506,3.3872,0.9598
0.97221,3.4292,0.9557
0.97937,3.4411,0.9537
0.98652,3.4581,0.9537
0.99368,3.4640,0.9517
1.00083,3.4995,0.9557
1.00798,3.5339,0.9552
1.01514,3.5399,0.9517
1.02229,3.5685,0.9517
1.02945,3.5795,0.9537
1.03660,3.5882,0.9497
1.04376,3.5882,0.9480
1.05091,3.6217,0.9478
1.05806,3.6397,0.9478
1.06522,3.6690,0.9478
1.07237,3.6691,0.9478
1.07953,3.6863,0.9478
1.08668,3.7399,0.9438
1.09383,3.7498,0.9447
1.10099,3.7925,0.9400
1.10814,3.7773,0.9419
1.11530,3.7813,0.9369
1.12245,3.8252,0.9311
1.12961,3.8266,0.9439
1.13676,3.8463,0.9364
1.14391,3.8542,0.9363
1.15107,3.8897,0.9352
1.15822,3.9009,0.9497
1.16538,3.8933,0.9485
1.17253,3.9420,0.9438
1.17968,4.0000,0.9419
1.18684,4.0418,0.9358
1.19399,4.0847,0.9419
1.20115,4.1005,0.9379
1.20830,4.1005,0.9443
1.21546,4.1379,0.9422
1.22261,4.1222,0.9399
1.22976,4.1202,0.9426
1.23692,4.1222,0.9360
1.24407,4.1464,0.9438
1.25123,4.1319,0.9360
1.25838,4.1300,0.9419
1.26553,4.1319,0.9399
1.27269,4.1833,0.9403
1.27984,4.1813,0.9439
1.28700,4.2108,0.9399
1.29415,4.2089,0.9497
1.30131,4.2429,0.9399
1.30846,4.2503,0.9438
1.31561,4.2621,0.9434
1.32277,4.2995,0.9438
1.32992,0.9754,0.9438
1.33708,0.9794,0.9438
1.34423,0.9777,0.9419
1.35138,2.9280,0.9419
1.35854,4.3783,0.9419
1.36569,1.1388,0.9419
1.37285,0.9771,0.9427
1.38000,4.4230,0.9419
1.38715,4.4571,0.9542
1.39431,4.4611,0.9466
1.40146,4.4926,0.9574
1.40862,4.4952,0.9596
1.41577,4.5129,0.9596
1.42293,4.5951,0.9767
1.43008,4.5951,0.9614
1.43723,4.5695,0.9649
1.44439,1.0173,0.9616
1.45154,1.7715,0.9636
1.45870,4.6207,0.9696
1.46585,1.0108,0.9655
1.47300,4.6452,0.9911
1.48016,4.6857,0.9862
1.48731,4.6857,1.0029
1.49447,1.0305,0.9851
1.50162,4.7192,0.9893
1.50878,4.7828,0.9714
1.51593,4.8039,0.9774
1.52308,4.7728,0.9927
1.53024,3.9645,0.9962
1.53739,4.8124,1.0043
1.54455,4.8562,0.9972
1.55170,4.8571,0.9990
1.55885,4.9028,1.0022
1.56601,4.9265,0.9976
1.57316,4.9411,1.0025
1.58032,4.9438,1.0030
1.58747,4.9524,1.0023
1.59463,4.9671,1.0057
1.60178,4.9793,1.0138
1.60893,5.0239,1.0148
1.61609,5.0148,1.0201
1.62324,5.0599,1.0187
1.63040,5.1074,1.0172
1.63755,5.0901,1.0187
1.64470,5.1159,1.0207
1.65186,5.1517,1.0218
1.65901,5.1586,1.0767
1.66617,5.1822,1.2216
1.67332,5.1710,1.4641
1.68047,5.1971,1.8895
1.68763,5.1997,2.7565
1.69478,5.2099,4.1705
1.70194,5.2413,4.9538
1.70909,5.2828,1.0128
1.71625,5.2879,1.0089
1.72340,5.2867,1.0048
1.73055,5.2887,1.0039
1.73771,5.3245,1.0030
1.74486,5.3359,1.0128
1.75202,5.3669,0.9966
1.75917,5.3970,1.0158
1.76632,5.3695,0.9972
1.77348,5.4065,1.0010
1.78063,5.4577,0.9945
1.78779,5.5031,0.9951
1.79494,5.5034,0.9931
1.80210,5.5133,0.9880
1.80925,5.5441,0.9911
1.81640,5.5408,0.9890
1.82356,5.5574,0.9993
1.83071,5.5894,0.9894
1.83787,5.6177,0.9916
1.84502,5.6296,0.9754
1.85217,5.6572,0.9685
1.85933,5.6611,0.9656
1.86648,5.6374,0.9666
1.87364,5.7064,0.9714
1.88079,5.7002,0.9644
1.88795,5.6960,0.9605
1.89510,5.7340,0.9563
1.90225,5.7240,0.9557
1.90941,5.7222,0.9547
1.91656,5.7314,0.9557
1.92372,5.7640,0.9634
1.93087,5.7852,0.9557
1.93802,5.8496,0.9660
1.94518,5.8616,0.9557
1.95233,5.8936,0.9514
1.95949,5.8995,0.9562
1.96664,5.9370,0.9537
1.97380,5.9310,0.9543
1.98095,5.9614,0.9497
1.98810,5.9803,0.9494
1.99526,6.0079,0.9400
2.00241,6.0166,0.9320
2.00957,6.0168,0.9301
2.01672,6.0059,0.9340
2.02387,6.0335,0.9359
2.03103,6.0493,0.9360
2.03818,6.0887,0.9340
2.04534,6.0887,0.9326
2.05249,6.1320,0.9280
2.05964,6.1375,0.9222
2.06680,6.1695,0.9281
2.07395,6.1657,0.9352
2.08111,6.2108,0.9320
2.08826,6.2069,0.9320
2.09542,6.2321,0.9261
2.10257,6.2404,0.9189
2.10972,6.2511,0.9184
2.11688,6.2877,0.9259
2.12403,6.3143,0.9163
2.13119,6.3283,0.9251
2.13834,6.3232,0.9163
2.14549,6.3626,0.9269
2.15265,6.3606,0.9163
2.15980,6.3745,0.9207
2.16696,6.4106,0.9182
2.17411,6.4510,0.9163
2.18127,6.4546,0.9143
2.18842,6.4847,0.9123
2.19557,6.4915,0.9103
2.20273,6.5253,0.9143
2.20988,6.5290,0.9047
2.21704,6.5457,0.9192
2.22419,6.5596,0.9310
2.23134,6.5636,0.9163
2.23850,6.5970,0.9272
2.24565,6.5970,0.9182
2.25281,6.5982,0.9163
2.25996,6.6463,0.9206
2.26712,6.6534,0.9281
2.27427,6.6730,0.9306
2.28142,6.6726,0.9241
2.28858,6.7156,0.9241
2.29573,6.7209,0.9182
2.30289,6.7423,0.9237
2.31004,6.7606,0.9236
2.31719,6.7611,0.9283
2.32435,6.8020,0.9294
2.33150,6.8079,0.9246
2.33866,6.8394,0.9391
2.34581,6.8473,0.9399
2.35296,6.8690,0.9622
2.36012,6.8636,0.9301
2.36727,6.8854,0.9272
2.37443,6.9088,0.9281
2.38158,6.9517,0.9280
2.38874,6.9533,0.9354
2.39589,6.9871,0.9419
2.40304,6.9901,0.9429
2.41020,7.0109,0.9379
2.41735,7.0325,0.9492
2.42451,7.0443,0.9419
2.43166,7.0764,0.9422
2.43881,7.0798,0.9381
2.44597,7.1097,0.9355
2.45312,7.1113,0.9309
2.46028,7.1429,0.9366
2.46743,7.1468,0.9335
2.47459,7.1525,0.9438
2.48174,7.1835,0.9427
2.48889,7.1760,0.9438
2.49605,7.2004,0.9438
2.50320,7.2182,0.9473
2.51036,7.2276,0.9575
2.51751,7.2595,1.1358
2.52466,7.2650,1.7537
2.53182,7.3025,1.9944
2.53897,7.3084,0.9583
2.54613,7.3360,0.9315
2.55328,7.3458,0.9269
2.56044,7.3833,0.9267
2.56759,7.3852,0.9419
2.57474,7.4266,0.9401
2.58190,7.4308,0.9468
2.58905,7.4601,0.9556
2.59621,7.4660,0.9581
2.60336,7.4502,0.9389
2.61051,7.4555,0.9399
2.61767,7.4739,0.9498
2.62482,7.4562,0.9415
2.63198,7.4362,0.9458
2.63913,7.4111,0.9656
2.64629,7.3943,0.9654
2.65344,7.3691,1.0331
2.66059,7.3533,1.6922
2.66775,7.3207,1.7553
2.67490,7.3103,1.1845
2.68206,7.2965,0.9641
2.68921,7.2717,0.9609
2.69636,7.2591,0.9537
2.70352,7.2352,0.9425
2.71067,7.2118,0.9515
2.71783,7.1882,0.9511
2.72498,7.1687,0.9528
2.73213,7.1442,0.9505
2.73929,7.1292,0.9715
2.74644,7.1074,0.9506
2.75360,7.0918,0.9580
2.76075,7.0686,0.9410
2.76791,7.0600,0.9477
2.77506,7.0355,0.9384
2.78221,7.0148,0.9597
2.78937,6.9901,0.9340
2.79652,6.9734,0.9398
2.80368,6.9419,0.9202
2.81083,6.9329,0.9379
2.81798,6.9091,0.9243
2.82514,6.8945,0.9265
2.83229,6.8650,0.9234
2.83945,6.8517,0.9486
2.84660,6.8177,0.9320
2.85376,6.8092,0.9165
2.86091,6.8065,0.9165
2.86806,6.7783,0.9310
2.87522,6.7701,0.9204
2.88237,6.7468,0.9165
2.88953,6.7330,0.9249
2.89668,6.7081,0.9215
2.90383,6.6975,0.9272
2.91099,6.6662,0.9202
2.91814,6.6351,0.9341
2.92530,6.6227,0.9208
2.93245,6.6069,0.9281
2.93961,6.5832,0.9198
2.94676,6.5463,0.9381
2.95391,6.5433,0.9207
2.96107,6.5360,0.9370
2.96822,6.5098,0.9060
2.97538,6.5004,0.9398
2.98253,6.4635,0.9259
2.98968,6.4611,0.9317
2.99684,6.4237,0.9192
3.00399,6.4196,0.9287
3.01115,6.3889,0.9189
3.01830,6.3803,0.9284
3.02545,6.3559,0.9195
3.03261,6.3369,0.9179
3.03976,6.3310,0.9019
3.04692,6.3142,0.9066
3.05407,6.2862,0.9214
3.06123,6.2616,0.9222
3.06838,6.2428,0.9281
3.07553,6.2148,0.9320
3.08269,6.1973,0.9318
3.08984,6.1793,0.9221
3.09700,6.1775,0.9257
3.10415,6.1385,0.9091
3.11130,6.1276,0.9189
3.11846,6.0985,0.9116
3.12561,6.0928,0.9183
3.13277,6.0602,0.9306
3.13992,6.0483,0.9302
3.14708,6.0103,0.9163
3.15423,5.9606,0.9122
3.16138,5.9642,0.8949
3.16854,5.9389,0.9129
3.17569,5.9324,0.9058
3.18285,5.9310,0.9145
3.19000,5.8975,0.9088
3.19715,5.8897,0.9171
3.20431,5.8502,0.9018
3.21146,5.8483,0.9120
3.21862,5.8246,0.8979
3.22577,5.8246,0.9084
3.23293,5.7675,0.9136
3.24008,5.7714,0.9044
3.24723,5.7662,0.9222
3.25439,5.7354,0.9237
3.26154,5.7281,0.9111
3.26870,5.7044,0.8978
3.27585,5.7006,0.9026
3.28300,5.6552,0.9038
3.29016,5.6574,0.9285
3.29731,5.6059,0.9084
3.30447,5.6060,0.9238
3.31162,5.5684,0.9173
3.31878,5.5686,0.9289
3.32593,5.5286,0.9315
3.33308,5.5291,0.9222
3.34024,5.4980,0.9325
3.34739,5.4798,0.9252
3.35455,5.4443,0.9315
3.36170,5.4443,0.9286
3.36885,5.4160,0.9415
3.37601,5.4089,0.9323
3.38316,5.3767,0.9202
3.39032,5.3714,0.9069
3.39747,5.3714,0.9422
3.40462,5.3379,0.9473
3.41178,5.2916,0.9274
3.41893,5.2665,0.9245
3.42609,5.2241,0.9539
3.43324,5.2276,0.9438
3.44040,5.2434,0.9695
3.44755,5.2197,0.9695
3.45470,5.2122,0.9768
3.46186,5.1724,0.9674
3.46901,5.1724,0.9586
3.47617,5.1665,0.9746
3.48332,5.1294,0.9595
3.49047,5.1212,0.9720
3.49763,5.0928,0.9577
3.50478,5.0857,0.9913
3.51194,4.9793,0.9655
3.51909,5.0070,0.9843
3.52625,5.0138,0.9695
3.53340,5.0010,0.9773
3.54055,4.9709,0.9714
3.54771,4.9326,0.9910
3.55486,4.8690,0.9841
3.56202,4.8571,0.9884
3.56917,4.8236,0.9852
3.57632,4.8714,0.9799
3.58348,4.8530,0.9857
3.59063,4.8369,0.9851
3.59779,4.8434,1.0307
3.60494,4.7838,2.5897
3.61210,4.7786,3.2323
3.61925,4.7654,2.4414
3.62640,4.7639,1.1459
3.63356,4.6660,0.9903
3.64071,4.6647,1.0010
3.64787,4.6473,0.9827
3.65502,4.6345,0.9813
3.66217,4.5908,0.9659
3.66933,4.5866,0.9822
3.67648,4.6016,0.9823
3.68364,4.6069,0.9721
3.69079,4.5644,0.9754
3.69794,4.5576,0.9714
3.70510,4.5596,0.9685
3.71225,4.5143,0.9659
3.71941,4.5137,0.9714
3.72656,4.4751,0.9600
3.73372,4.4506,0.9667
3.74087,4.4398,0.9596
3.74802,4.4315,0.9634
3.75518,4.4039,0.9433
3.76233,4.4039,0.9461
3.76949,4.3638,0.9320
3.77664,4.3586,0.9302
3.78379,4.3133,0.9405
3.79095,4.3100,0.9457
3.79810,4.2857,0.9408
3.80526,4.2739,0.9241
3.81241,4.2739,0.9311
3.81957,4.2384,0.9143
3.82672,4.2384,0.9358
3.83387,4.1793,0.9156
3.84103,4.1584,0.9217
3.84818,4.1447,0.9208
3.85534,4.1025,0.9057
3.86249,3.7254,0.9209
3.86964,4.0202,0.9084
3.87680,4.0571,0.9138
3.88395,4.0227,0.9074
3.89111,4.0286,0.9118
3.89826,4.0414,0.9044
3.90542,3.9806,0.9158
3.91257,3.9626,0.9052
3.91972,3.9540,0.9030
3.92688,3.9685,0.8905
3.93403,3.8940,0.8903
3.94119,3.8897,0.8887
3.94834,3.8588,0.8867
3.95549,3.8522,0.8887
3.96265,3.8402,0.8847
3.96980,3.8167,0.8899
3.97696,3.8128,0.8867
3.98411,3.7773,0.8924
3.99127,3.8010,0.8869
3.99842,3.7905,0.8815
4.00557,3.7147,0.8895
4.01273,3.7011,0.8805
4.01988,3.7458,0.8911
4.02704,3.6660,0.8813
4.03419,3.7084,0.8718
4.04134,3.6796,0.8725
4.04850,3.6730,0.8767
4.05565,3.6258,0.8896
4.06281,3.5763,0.8788
4.06996,3.5640,0.8724
4.07711,3.5606,0.8729
4.08427,3.5310,0.8755
4.09142,3.5197,0.8828
4.09858,3.4837,0.8814
4.10573,3.4542,0.8787
4.11289,3.4443,0.8709
4.12004,3.4542,0.8817
4.12719,3.4167,0.8828
4.13435,3.3990,0.8750
4.14150,3.3874,0.8746
4.14866,3.3714,0.8946
4.15581,3.3538,0.8813
4.16296,3.3300,0.8884
4.17012,3.3172,0.8729
4.17727,3.3025,0.8829
4.18443,3.2847,0.8749
4.19158,3.2460,0.8775
4.19874,3.2394,0.8882
4.20589,3.2177,0.8821
4.21304,3.1758,0.8909
4.22020,3.1645,0.8871
4.22735,3.1395,0.8849
4.23451,3.1212,0.8769
4.24166,3.1174,0.8867
4.24881,3.0936,0.8867
4.25597,3.0818,0.9064
4.26312,3.0483,0.8985
4.27028,3.0640,0.8956
4.27743,3.0540,0.8931
4.28459,3.0089,0.9005
4.29174,3.0014,0.8997
4.29889,2.9949,0.8987
4.30605,2.9846,0.9103
4.31320,2.9376,0.9043
4.32036,2.9314,0.9110
4.32751,2.9108,0.9025
4.33466,2.8905,0.9052
4.34182,2.8569,0.9145
4.34897,2.8399,0.9253
4.35613,2.8204,0.9229
4.36328,2.8079,0.9229
4.37043,2.7724,0.9193
4.37759,2.7606,0.9299
4.38474,2.7363,0.9412
4.39190,2.7305,0.9464
4.39905,2.7196,0.9379
4.40621,2.6878,0.9458
4.41336,2.6863,0.9483
4.42051,2.6799,0.9586
4.42767,2.6478,0.9524
4.43482,2.6111,0.9458
4.44198,2.6025,0.9458
4.44913,2.5891,0.9448
4.45628,2.5586,0.9504
4.46344,2.5496,0.9714
4.47059,2.5246,0.9717
4.47775,2.5037,0.9653
4.48490,2.4804,0.9661
4.49206,2.4678,0.9676
4.49921,2.4374,0.9691
4.50636,2.4343,0.9726
4.51352,2.4236,0.9793
4.52067,2.4093,0.9834
4.52783,2.3890,0.9987
4.53498,2.3645,1.0089
4.54213,2.3630,1.0010
4.54929,2.3291,1.0013
4.55644,2.3291,1.0026
4.56360,2.2785,1.0043
4.57075,2.2762,1.0159
4.57791,2.2436,1.0073
4.58506,2.2345,1.0460
4.59221,2.1970,1.8208
4.59937,2.1813,3.0834
4.60652,2.1651,1.9189
4.61368,2.1498,1.0955
4.62083,2.1360,1.0675
4.62798,2.1202,1.0187
4.63514,2.1093,1.0148
4.64229,2.0828,1.0089
4.64945,2.0729,1.0030
4.65660,2.0640,1.0001
4.66376,2.0256,1.0016
4.67091,2.0235,1.0026
4.67806,2.0023,0.9876
4.68522,1.9766,0.9926
4.69237,1.9547,1.0010
4.69953,1.9275,0.9953
4.70668,1.9094,0.9832
4.71383,1.9133,0.9879
4.72099,1.9015,0.9813
4.72814,1.8857,0.9894
4.73530,1.8533,0.9791
4.74245,1.8418,0.9780
4.74960,1.8163,0.9754
4.75676,1.8023,0.9734
4.76391,1.4414,0.9676
4.77107,1.6464,0.9655
4.77822,1.7508,0.9686
4.78538,1.7123,0.9710
4.79253,1.7123,0.9656
4.79968,1.7016,0.9582
4.80684,1.6768,0.9507
4.81399,1.6630,0.9488
4.82115,1.6413,0.9557
4.82830,1.6320,0.9517
4.83545,1.5990,0.9419
4.84261,1.5955,0.9379
4.84976,1.5821,0.9399
4.85692,1.5625,0.9399
4.86407,1.5398,0.9399
4.87123,1.5258,0.9379
4.87838,1.5124,0.9379
4.88553,1.4821,0.9379
4.89269,1.4786,0.9379
4.89984,1.4522,0.9352
4.90700,1.4404,0.9360
4.91415,1.4231,0.9340
4.92130,1.4096,0.9340
4.92846,1.3895,0.9320
4.93561,1.3691,0.9320
4.94277,1.3463,0.9360
4.94992,1.3129,0.9380
4.95708,1.3163,2.8907
4.96423,1.3163,2.3046
4.97138,1.2615,1.4980
4.97854,1.2374,1.3785
4.98569,1.2414,0.9420
4.99285,1.2384,0.9315
5.00000,4.8887,0.9261
